tracking_status,review_priority,scout_priority,scout_reasons,person_id,display_name,full_title,mekhq_status,rank,primary_role,secondary_role,unit_id,unit_name,crew_role,formation_id,formation_name,employed,deployed,joined_campaign,recruitment_date,salary,highest_education,education_status,education_stage,school_name,program_name,credential_or_qualification,target_role,enrolled_on,expected_graduation,graduated_on,days_remaining,journey_time_days,travel_days_elapsed,requires_assignment_review,latest_education_event,warrior_skills,skill_summary,notable_traits_or_options,traits_or_options_summary,target_job,assignment_action,review_note
enrolled_current,high,high,martial education program: Advanced War Fighting Academy,f2cb56e0-a300-4df6-9441-f4c252d6b726,Rickhart Fairlie,Recruit Rickhart Fairlie,Student,Recruit,Professional,None,Unknown,Unknown,Unknown,Unknown,Unknown,true,false,3025-01-01,3040-07-16,100 C-Bill,High School,in_transit_to_school,Journeying to Campus,Combat College of Remshield,Advanced War Fighting Academy,Advanced War Fighting Academy,Advanced War Fighting Academy,3040-07-16,3045-09-10,Unknown,600,2,1282,false,Enrolled at Combat College of Remshield studying a Advanced War Fighting Academy course.,,Animal Handling L1/FV7; Career/Any L0/FV7; Science/Psychology L2/FV7; Swimming L0/FV6,,,,,MekHQ currently marks this person as Student; keep on the school roster until status changes.
enrolled_current,high,high,martial education program: Advanced War Fighting Academy,e4b994a4-e489-4e5b-ba5e-b83c61ecfd80,Tho Kieu,Recruit Tho Kieu,Student,Recruit,Professional,None,Unknown,Unknown,Unknown,Unknown,Unknown,true,false,3025-01-01,3040-07-16,168 C-Bill,College,in_transit_to_school,Journeying to Campus,Combined Arms University of Remshield,Advanced War Fighting Academy,Advanced War Fighting Academy,Advanced War Fighting Academy,3040-07-16,3045-09-10,Unknown,600,2,1282,false,Enrolled at Combined Arms University of Remshield studying a Advanced War Fighting Academy course.,,Career/Any L2/FV5; Science/Physics L1/FV8,,,,,MekHQ currently marks this person as Student; keep on the school roster until status changes.
enrolled_current,high,high,martial education program: Flight Academy,772e014c-f792-4669-a81c-3e2d87902d37,Dennis Louca,Recruit Dennis Louca,Student,Recruit,Combat Prosthetics Fitter,None,Unknown,Unknown,Unknown,Unknown,Unknown,true,false,3025-04-04,3040-07-16,168 C-Bill,High School,in_transit_to_school,Journeying to Campus,Remshield Combat Polytechnic of Advanced Technology,Flight Academy,Flight Academy,Flight Academy,3040-07-16,3045-09-10,Unknown,600,2,1282,false,Enrolled at Remshield Combat Polytechnic of Advanced Technology studying a Flight Academy course.,,Animal Handling L2/FV6; Astech L2/FV5; Cryptography L1/FV8; Investigation L1/FV8; Protocols/Any L1/FV7; Running L1/FV5; Security Systems/Electronic L1/FV8; Surgery/Any L3/FV6,,,,,MekHQ currently marks this person as Student; keep on the school roster until status changes.
enrolled_current,high,high,martial education program: Advanced AeroSpace Technologies,e962a48f-475e-411b-9106-c4eb00ee1bb4,Chim Nguyen-Tan,Recruit Chim Nguyen-Tan,Student,Recruit,Professional,None,Unknown,Unknown,Unknown,Unknown,Unknown,true,false,3027-08-13,3040-07-16,168 C-Bill,High School,in_transit_to_school,Journeying to Campus,Institute of Remshield,Advanced AeroSpace Technologies,Advanced AeroSpace Technologies,Advanced AeroSpace Technologies,3040-07-16,3045-09-10,Unknown,600,2,1282,false,Enrolled at Institute of Remshield studying a Advanced AeroSpace Technologies course.,,Art/Painting L1/FV7; Career/Any L1/FV5; Interrogation L1/FV7; Investigation L2/FV5; Swimming L1/FV6,,,,,MekHQ currently marks this person as Student; keep on the school roster until status changes.
enrolled_current,high,high,martial education program: Advanced War Fighting Academy,448c77b7-cb1a-42d9-8654-5a2a124f40c3,Maurice Ts'ai,Recruit Maurice Ts'ai,Student,Recruit,Systems Consultant,None,Unknown,Unknown,Unknown,Unknown,Unknown,true,false,3028-11-01,3040-07-16,268 C-Bill,High School,in_transit_to_school,Journeying to Campus,Combined Arms College of Remshield,Advanced War Fighting Academy,Advanced War Fighting Academy,Advanced War Fighting Academy,3040-07-16,3045-09-10,Unknown,600,2,1282,false,Enrolled at Combined Arms College of Remshield studying a Advanced War Fighting Academy course.,,Art/Other L1/FV7; Computers L3/FV5; Cryptography L2/FV5; Language/Any L1/FV5; Security Systems/Electronic L3/FV5; Tracking/Any L1/FV5,,,,,MekHQ currently marks this person as Student; keep on the school roster until status changes.
enrolled_current,high,low,no warrior-candidate signal in compact summaries,0e22c10c-dc7e-4079-824d-331b18dce989,Iyanna Stoltz,Recruit Iyanna Stoltz,Student,Recruit,Dependent,None,Unknown,Unknown,Unknown,Unknown,Unknown,true,false,3029-08-31,3040-07-16,34 C-Bill,Early Childhood,in_transit_to_school,Journeying to Campus,Preparatory School of Remshield,High School Education,High School Education,High School Education,3040-07-16,3044-01-30,Unknown,11,2,1282,false,Enrolled at Preparatory School of Remshield studying a High School Education course.,,,,,,,MekHQ currently marks this person as Student; keep on the school roster until status changes.
enrolled_current,high,low,no warrior-candidate signal in compact summaries,bc6fe0f5-456e-4c5f-82ff-2e8dff2253e9,Guedado Rang,Recruit Guedado Rang,Student,Recruit,Dependent,None,Unknown,Unknown,Unknown,Unknown,Unknown,true,false,3030-12-13,3040-07-16,34 C-Bill,Early Childhood,in_transit_to_school,Journeying to Campus,Institute of Remshield,Private Education,Private Education,Private Education,3040-07-16,3044-01-29,Unknown,10,2,1282,false,Enrolled at Institute of Remshield studying a Private Education course.,,,,,,,MekHQ currently marks this person as Student; keep on the school roster until status changes.
enrolled_current,high,high,martial education program: Flight Academy,b7ea6514-b936-4838-b8b9-2b5e3442f69b,Assunção Holle,Recruit Assunção Holle,Student,Recruit,Artist,None,Unknown,Unknown,Unknown,Unknown,Unknown,true,false,3032-06-01,3040-07-16,168 C-Bill,High School,in_transit_to_school,Journeying to Campus,Combat Academy of Remshield,Flight Academy,Flight Academy,Flight Academy,3040-07-16,3045-09-10,Unknown,600,2,1282,false,Enrolled at Combat Academy of Remshield studying a Flight Academy course.,,Art/Drawing L4/FV5; Art/Instrument L0/FV9; Career/Any L1/FV6; Computers L3/FV6; Science/Military L0/FV8; Streetwise/Any L1/FV6,,,,,MekHQ currently marks this person as Student; keep on the school roster until status changes.
enrolled_current,high,low,no warrior-candidate signal in compact summaries,189aa78a-2605-4f42-b67f-fa214632af56,Estefany Castillo,Recruit Estefany Castillo,Student,Recruit,Dependent,None,Unknown,Unknown,Unknown,Unknown,Unknown,true,false,3032-07-01,3040-07-16,34 C-Bill,Early Childhood,in_transit_to_school,Journeying to Campus,Remshield Academy of Science,High School Education,High School Education,High School Education,3040-07-16,3044-01-30,Unknown,11,2,1282,false,Enrolled at Remshield Academy of Science studying a High School Education course.,,Computers L0/FV9; Interest/Archeology L1/FV8; Science/Physics L1/FV8,,Gregarious (ATOW),,,MekHQ currently marks this person as Student; keep on the school roster until status changes.
enrolled_current,high,low,no warrior-candidate signal in compact summaries,bc545c9c-1655-4a72-8b99-b072598e6a82,Dawn Fumu,Recruit Dawn Fumu,Student,Recruit,Dependent,None,Unknown,Unknown,Unknown,Unknown,Unknown,true,false,3033-04-23,3040-07-16,34 C-Bill,Early Childhood,in_transit_to_school,Journeying to Campus,Remshield Institute of Technology,High School Education,High School Education,High School Education,3040-07-16,3044-01-30,Unknown,11,2,1282,false,Enrolled at Remshield Institute of Technology studying a High School Education course.,,,,,,,MekHQ currently marks this person as Student; keep on the school roster until status changes.
enrolled_current,high,high,combat/aerospace skills: Leadership L1/FV7; martial education program: MekWarrior Academy,963f9d30-c387-4877-994d-1079298a4032,Durgadasa Szczepanski-Nitesha,Recruit Durgadasa Szczepanski-Nitesha,Student,Recruit,Militia Leader,None,Unknown,Unknown,Unknown,Unknown,Unknown,true,false,3033-07-22,3040-07-16,100 C-Bill,College,in_transit_to_school,Journeying to Campus,Remshield Military Polytechnic of Advanced Technology,MekWarrior Academy,MekWarrior Academy,MekWarrior Academy,3040-07-16,3045-09-10,Unknown,600,2,1282,false,Enrolled at Remshield Military Polytechnic of Advanced Technology studying a MekWarrior Academy course.,Leadership L1/FV7,Investigation L1/FV8; Language/Any L1/FV7; Leadership L1/FV7; Protocols/Any L0/FV8; Small Arms L1/FV7; Survival/Any L1/FV8,,,,,MekHQ currently marks this person as Student; keep on the school roster until status changes.
enrolled_current,high,high,martial education program: Flight Academy,9245a693-df6a-4aab-809d-b12b716ac1c4,Silvie Sakala,Recruit Silvie Sakala,Student,Recruit,Dependent,None,Unknown,Unknown,Unknown,Unknown,Unknown,true,false,3034-05-05,3040-07-16,34 C-Bill,College,in_transit_to_school,Journeying to Campus,Military University of Remshield,Flight Academy,Flight Academy,Flight Academy,3040-07-16,3045-09-10,Unknown,600,2,1282,false,Enrolled at Military University of Remshield studying a Flight Academy course.,,Cryptography L0/FV8; Interest/Economics L1/FV7; Swimming L1/FV6,,,,,MekHQ currently marks this person as Student; keep on the school roster until status changes.
enrolled_current,high,low,no warrior-candidate signal in compact summaries,0a80ca78-2926-43bc-bd05-6bd038a0542e,Marquart Beiro,Recruit Marquart Beiro,Student,Recruit,Dependent,None,Unknown,Unknown,Unknown,Unknown,Unknown,true,false,3034-06-30,3040-07-16,34 C-Bill,Early Childhood,in_transit_to_school,Journeying to Campus,Remshield Academy of Advanced Studies,Private Education,Private Education,Private Education,3040-07-16,3044-01-29,Unknown,10,2,1282,false,Enrolled at Remshield Academy of Advanced Studies studying a Private Education course.,,,,,,,MekHQ currently marks this person as Student; keep on the school roster until status changes.
enrolled_current,high,low,no warrior-candidate signal in compact summaries,adea7e29-e7b5-4d84-9df4-71e02d4e08c3,Chui-Wai Wickenden,Recruit Chui-Wai Wickenden,Student,Recruit,Dependent,None,Unknown,Unknown,Unknown,Unknown,Unknown,true,false,3034-09-10,3040-07-16,34 C-Bill,Early Childhood,in_transit_to_school,Journeying to Campus,Institute of Remshield,MekTech Apprenticeship,MekTech Apprenticeship,MekTech Apprenticeship,3040-07-16,3044-01-30,Unknown,11,2,1282,false,Enrolled at Institute of Remshield studying a MekTech Apprenticeship course.,,,,,,,MekHQ currently marks this person as Student; keep on the school roster until status changes.
enrolled_current,high,low,no warrior-candidate signal in compact summaries,30fee3a4-a3ac-4a87-ba56-319e4839d87b,Donald Cardoza,Recruit Donald Cardoza,Student,Recruit,Professional,None,Unknown,Unknown,Unknown,Unknown,Unknown,true,false,3034-12-27,3040-07-16,100 C-Bill,Early Childhood,in_transit_to_school,Journeying to Campus,Remshield Institute of Advanced Studies,General Education,General Education,General Education,3040-07-16,3044-06-17,Unknown,150,2,1282,false,Enrolled at Remshield Institute of Advanced Studies studying a General Education course.,,Acrobatics L1/FV5; Animal Handling L1/FV7; Career/Any L1/FV6; Interest/Astrology L1/FV8; Running L1/FV5,,,,,MekHQ currently marks this person as Student; keep on the school roster until status changes.
enrolled_current,high,high,combat/aerospace skills: Strategy L0/FV9; martial education program: Black Naval Academy,b07d2fe1-9762-42d2-bcb2-5c2ecd25da67,Oliver Haward,Recruit Oliver Haward,Student,Recruit,Astrographer,None,Unknown,Unknown,Unknown,Unknown,Unknown,true,false,3034-12-27,3040-07-16,100 C-Bill,High School,in_transit_to_school,Journeying to Campus,Advanced Warfighting Polytechnic of Remshield,Black Naval Academy,Black Naval Academy,Black Naval Academy,3040-07-16,3045-09-10,Unknown,600,2,1282,false,Enrolled at Advanced Warfighting Polytechnic of Remshield studying a Black Naval Academy course.,Strategy L0/FV9,Acrobatics L2/FV5; Cryptography L1/FV8; Interest/Cartography L2/FV7; Navigation/Any L2/FV5; Security Systems/Mechanical L1/FV8; Strategy L0/FV9,,,,,MekHQ currently marks this person as Student; keep on the school roster until status changes.
enrolled_current,high,high,martial education program: MekWarrior Academy,786f7a70-ed16-4cd1-964c-2780620b17c4,Zakayo Catanzara,Recruit Zakayo Catanzara,Student,Recruit,Cultist,None,Unknown,Unknown,Unknown,Unknown,Unknown,true,false,3034-12-27,3040-07-16,100 C-Bill,High School,in_transit_to_school,Journeying to Campus,Remshield War Polytechnic of Technology,MekWarrior Academy,MekWarrior Academy,MekWarrior Academy,3040-07-16,3045-09-10,Unknown,600,2,1282,false,Enrolled at Remshield War Polytechnic of Technology studying a MekWarrior Academy course.,,Acrobatics L1/FV5; Art/Writing L0/FV8; Career/Any L0/FV7; Interest/Theology L1/FV7; Melee Weapons L1/FV5; Security Systems/Mechanical L1/FV7; Swimming L2/FV5,,,,,MekHQ currently marks this person as Student; keep on the school roster until status changes.
enrolled_current,high,high,martial education program: Flight Academy,cb5cf402-64be-41b6-a8fb-fc8450b91698,Dejan Harlos,Recruit Dejan Harlos,Student,Recruit,Professional,None,Unknown,Unknown,Unknown,Unknown,Unknown,true,false,3035-03-01,3040-07-16,168 C-Bill,High School,in_transit_to_school,Journeying to Campus,Remshield Combined Forces School of Technology,Flight Academy,Flight Academy,Flight Academy,3040-07-16,3045-09-10,Unknown,600,2,1282,false,Enrolled at Remshield Combined Forces School of Technology studying a Flight Academy course.,,Art/Cooking L0/FV9; Career/Any L2/FV5; Cryptography L1/FV8; Investigation L1/FV8,,,,,MekHQ currently marks this person as Student; keep on the school roster until status changes.
enrolled_current,high,high,martial education program: Advanced War Fighting Academy,ca538150-cba2-4a15-af00-aab959381a88,Fia Ortíz,Recruit Fia Ortíz,Student,Recruit,Scandal Fixer,None,Unknown,Unknown,Unknown,Unknown,Unknown,true,false,3035-03-01,3040-07-16,100 C-Bill,High School,in_transit_to_school,Journeying to Campus,War School of Remshield,Advanced War Fighting Academy,Advanced War Fighting Academy,Advanced War Fighting Academy,3040-07-16,3045-09-10,Unknown,600,2,1282,false,Enrolled at War School of Remshield studying a Advanced War Fighting Academy course.,,Career/Any L1/FV6; Interest/Pop-Culture L1/FV8; Investigation L3/FV6; Protocols/Any L1/FV7; Streetwise/Any L1/FV7,,,,,MekHQ currently marks this person as Student; keep on the school roster until status changes.
enrolled_current,high,high,combat/aerospace skills: Strategy L1/FV8; Tactics/Any L1/FV8; martial education program: Flight Academy,a30f7942-de80-4223-9877-5164f808bd5a,Mary bin Fahd,Recruit Mary bin Fahd,Student,Recruit,Professional,None,Unknown,Unknown,Unknown,Unknown,Unknown,true,false,3035-03-01,3040-07-16,536 C-Bill,Post-Graduate,in_transit_to_school,Journeying to Campus,Remshield Combined Arms Polytechnic of Advanced Technology,Flight Academy,Flight Academy,Flight Academy,3040-07-16,3045-09-10,Unknown,600,2,1282,false,Enrolled at Remshield Combined Arms Polytechnic of Advanced Technology studying a Flight Academy course.,Strategy L1/FV8; Tactics/Any L1/FV8,Animal Handling L1/FV7; Career/Any L4/FV3; Strategy L1/FV8; Tactics/Any L1/FV8,,,,,MekHQ currently marks this person as Student; keep on the school roster until status changes.
enrolled_current,high,high,combat/aerospace skills: Gunnery/Mek L2/FV5; Piloting/Mek L2/FV5,438c35b2-4bb7-4a21-ae64-a3b81a6eafa7,Robert Qu,Recruit Robert Qu,Student,Recruit,Dependent,None,Unknown,Unknown,Unknown,Unknown,Unknown,true,false,3035-03-01,3039-07-25,34 C-Bill,Early Childhood,in_transit_to_school,Journeying to Campus,College of Remshield,General Education,General Education,General Education,3040-07-16,3044-06-17,Unknown,150,2,1282,false,Enrolled at College of Remshield studying a General Education course.,Gunnery/Mek L2/FV5; Piloting/Mek L2/FV5,Gunnery/Mek L2/FV5; Piloting/Mek L2/FV5; Survival/Any L0/FV9,,Significant Compulsion - Hates Bionics (ATOW),,,MekHQ currently marks this person as Student; keep on the school roster until status changes.
enrolled_current,high,high,martial education program: Flight Academy,9d6ecbee-14f0-49f4-9016-4e857713e4de,Sudevi Ceralde,Recruit Sudevi Ceralde,Student,Recruit,Lawyer,None,Unknown,Unknown,Unknown,Unknown,Unknown,true,false,3035-04-08,3040-07-16,168 C-Bill,College,in_transit_to_school,Journeying to Campus,Remshield Advanced Warfighting Academy of Higher Learning,Flight Academy,Flight Academy,Flight Academy,3040-07-16,3045-09-10,Unknown,600,2,1282,false,Enrolled at Remshield Advanced Warfighting Academy of Higher Learning studying a Flight Academy course.,,Interest/Law L2/FV7; Negotiation L2/FV6; Science/Genetics L0/FV9,,,,,MekHQ currently marks this person as Student; keep on the school roster until status changes.
enrolled_current,high,high,martial education program: MekWarrior Academy,dd173a5d-24ff-4a94-a8f8-a704d6801265,Michael King-Stasinopoulos,Recruit Michael King-Stasinopoulos,Student,Recruit,Professional,None,Unknown,Unknown,Unknown,Unknown,Unknown,true,false,3035-09-14,3040-07-16,268 C-Bill,High School,in_transit_to_school,Journeying to Campus,Remshield War University of Advanced Science,MekWarrior Academy,MekWarrior Academy,MekWarrior Academy,3040-07-16,3045-09-10,Unknown,600,2,1282,false,Enrolled at Remshield War University of Advanced Science studying a MekWarrior Academy course.,,Career/Any L2/FV4; Security Systems/Mechanical L1/FV8,,,,,MekHQ currently marks this person as Student; keep on the school roster until status changes.
enrolled_current,high,low,no warrior-candidate signal in compact summaries,126bfbcf-37d5-490e-a1c6-2792ec32a2b9,Achaius Beiro,Recruit Achaius Beiro,Student,Recruit,Dependent,None,Unknown,Unknown,Unknown,Unknown,Unknown,true,false,3035-11-23,3040-07-16,34 C-Bill,Early Childhood,in_transit_to_school,Journeying to Campus,Preparatory School of Remshield,Private Education,Private Education,Private Education,3040-07-16,3044-01-29,Unknown,10,2,1282,false,Enrolled at Preparatory School of Remshield studying a Private Education course.,,,,,,,MekHQ currently marks this person as Student; keep on the school roster until status changes.
enrolled_current,high,low,no warrior-candidate signal in compact summaries,4d9598d4-6d90-49cd-9ae5-fa3e4a32bc9c,Jacob Ru,Recruit Jacob Ru,Student,Recruit,Dependent,None,Unknown,Unknown,Unknown,Unknown,Unknown,true,false,3036-05-23,3040-07-16,34 C-Bill,Early Childhood,in_transit_to_school,Journeying to Campus,Preparatory School of Remshield,Private Education,Private Education,Private Education,3040-07-16,3044-01-29,Unknown,10,2,1282,false,Enrolled at Preparatory School of Remshield studying a Private Education course.,,,,,,,MekHQ currently marks this person as Student; keep on the school roster until status changes.
enrolled_current,high,low,no warrior-candidate signal in compact summaries,73742609-dd40-4a96-8160-eb82c408ea06,Hideki Chabert,Recruit Hideki Chabert,Student,Recruit,Dependent,None,Unknown,Unknown,Unknown,Unknown,Unknown,true,false,3036-07-01,3040-07-16,34 C-Bill,Early Childhood,in_transit_to_school,Journeying to Campus,Academy of Remshield,High School Education,High School Education,High School Education,3040-07-16,3044-01-30,Unknown,11,2,1282,false,Enrolled at Academy of Remshield studying a High School Education course.,,Animal Handling L1/FV7; Career/Any L1/FV6; Swimming L2/FV4,,Coordinator (Unofficial),,,MekHQ currently marks this person as Student; keep on the school roster until status changes.
enrolled_current,high,high,combat/aerospace skills: Piloting/Ground Vehicle L3/FV4; martial education program: MekWarrior Academy,ab0c6406-d9c8-42c5-a465-02d2f7c9ed62,Owen Butler,Recruit Owen Butler,Student,Recruit,Paramedic,None,Unknown,Unknown,Unknown,Unknown,Unknown,true,false,3036-10-16,3040-07-16,536 C-Bill,Post-Graduate,in_transit_to_school,Journeying to Campus,Remshield Combined Arms School of Technology,MekWarrior Academy,MekWarrior Academy,MekWarrior Academy,3040-07-16,3045-09-10,Unknown,600,2,1282,false,Enrolled at Remshield Combined Arms School of Technology studying a MekWarrior Academy course.,Piloting/Ground Vehicle L3/FV4,Investigation L1/FV6; MedTech/Any L3/FV3; Piloting/Ground Vehicle L3/FV4,,,,,MekHQ currently marks this person as Student; keep on the school roster until status changes.
enrolled_current,high,high,combat/aerospace skills: Tactics/Any L0/FV8; martial education program: Advanced War Fighting Academy,6e969a12-fd53-4f6e-b8aa-ea22a9fa9b0b,Geneva Hellevik,Recruit Geneva Hellevik,Student,Recruit,Dependent,None,Unknown,Unknown,Unknown,Unknown,Unknown,true,false,3037-03-27,3040-07-16,34 C-Bill,High School,in_transit_to_school,Journeying to Campus,Combined Arms School of Remshield,Advanced War Fighting Academy,Advanced War Fighting Academy,Advanced War Fighting Academy,3040-07-16,3045-09-10,Unknown,600,2,1282,false,Enrolled at Combined Arms School of Remshield studying a Advanced War Fighting Academy course.,Tactics/Any L0/FV8,Animal Handling L1/FV6; Career/Any L2/FV5; Support Weapons L1/FV6; Tactics/Any L0/FV8,,,,,MekHQ currently marks this person as Student; keep on the school roster until status changes.
enrolled_current,high,high,combat/aerospace skills: Leadership L1/FV6; martial education program: Flight Academy,f3ab92b6-385d-4751-86f6-21ea5d82315c,Sagramor Peres,Recruit Sagramor Peres,Student,Recruit,Repair Bay Supervisor,None,Unknown,Unknown,Unknown,Unknown,Unknown,true,false,3037-05-29,3040-07-16,100 C-Bill,High School,in_transit_to_school,Journeying to Campus,Remshield Advanced Warfighting Institute of Higher Learning,Flight Academy,Flight Academy,Flight Academy,3040-07-16,3045-09-10,Unknown,600,2,1282,false,Enrolled at Remshield Advanced Warfighting Institute of Higher Learning studying a Flight Academy course.,Leadership L1/FV6,Leadership L1/FV6; Protocols/Any L1/FV6; Science/Mathematics L1/FV8; Small Arms L1/FV7; Swimming L1/FV6; Tech/Mechanic L1/FV8,,,,,MekHQ currently marks this person as Student; keep on the school roster until status changes.
enrolled_current,high,high,martial education program: Advanced AeroSpace Technologies,3c488b74-9a97-4efc-990a-145d306e6b96,Manon Oberle,Recruit Manon Oberle,Student,Recruit,Tailor,None,Unknown,Unknown,Unknown,Unknown,Unknown,true,false,3037-07-03,3040-07-16,268 C-Bill,College,in_transit_to_school,Journeying to Campus,School of Remshield,Advanced AeroSpace Technologies,Advanced AeroSpace Technologies,Advanced AeroSpace Technologies,3040-07-16,3045-09-10,Unknown,600,2,1282,false,Enrolled at School of Remshield studying a Advanced AeroSpace Technologies course.,,Animal Handling L0/FV8; Art/Other L3/FV5; Interest/Fashion L3/FV5; Science/Other L1/FV7; Training L0/FV8,,,,,MekHQ currently marks this person as Student; keep on the school roster until status changes.
enrolled_current,high,high,martial education program: MekWarrior Academy,ffe11b39-5c90-4bb5-861d-a877532736f2,Aleixos Ciocchi,Recruit Aleixos Ciocchi,Student,Recruit,Miner,None,Unknown,Unknown,Unknown,Unknown,Unknown,true,false,3037-11-20,3040-07-16,168 C-Bill,College,in_transit_to_school,Journeying to Campus,Combined Arms College of Remshield,MekWarrior Academy,MekWarrior Academy,MekWarrior Academy,3040-07-16,3045-09-10,Unknown,600,2,1282,false,Enrolled at Combined Arms College of Remshield studying a MekWarrior Academy course.,,Cryptography L1/FV8; Demolitions L3/FV6; Science/Pharmacology L1/FV8; Tech/Mechanic L3/FV6,,,,,MekHQ currently marks this person as Student; keep on the school roster until status changes.
enrolled_current,high,low,no warrior-candidate signal in compact summaries,7c9b9a78-e13d-41bd-bf5a-98e310d2c695,Nichelle Polychronopoulos,Recruit Nichelle Polychronopoulos,Student,Recruit,Livestock Farmer,None,Unknown,Unknown,Unknown,Unknown,Unknown,true,false,3038-01-01,3040-07-16,168 C-Bill,Early Childhood,in_transit_to_school,Journeying to Campus,Remshield College of Higher Learning,General Education,General Education,General Education,3040-07-16,3044-06-17,Unknown,150,2,1282,false,Enrolled at Remshield College of Higher Learning studying a General Education course.,,Animal Handling L0/FV7; Career/Any L1/FV5; Computers L1/FV7; Cryptography L1/FV6; Investigation L2/FV5; Science/Xenobiology L2/FV5; Swimming L1/FV6,,,,,MekHQ currently marks this person as Student; keep on the school roster until status changes.
enrolled_current,high,high,combat/aerospace skills: Strategy L0/FV9; Tech/Mek L3/FV6,97f968bd-783d-45ea-aeb0-69d9ccd55dd1,Akustiy bin Harun,Recruit Akustiy bin Harun,Student,Recruit,Astech Trainer,None,Unknown,Unknown,Unknown,Unknown,Unknown,true,false,3038-03-01,3040-07-16,168 C-Bill,High School,in_transit_to_school,Journeying to Campus,Remshield Institute of Advanced Studies,Advanced BattleMek Technologies,Advanced BattleMek Technologies,Advanced BattleMek Technologies,3040-07-16,3045-09-10,Unknown,600,2,1282,false,Enrolled at Remshield Institute of Advanced Studies studying a Advanced BattleMek Technologies course.,Strategy L0/FV9; Tech/Mek L3/FV6,Animal Handling L1/FV7; Art/Cooking L1/FV8; Computers L2/FV7; Science/Physics L1/FV8; Security Systems/Electronic L2/FV7; Sensor Operations L1/FV7; Strategy L0/FV9; Streetwise/Any L1/FV7; Tech/Mek L3/FV6; Training L3/FV6,,,,,MekHQ currently marks this person as Student; keep on the school roster until status changes.
enrolled_current,high,low,no warrior-candidate signal in compact summaries,0a7a511b-5eb1-4bfc-b665-dfde74e0e022,Jeremy Rotheberg,Recruit Jeremy Rotheberg,Student,Recruit,Dependent,None,Unknown,Unknown,Unknown,Unknown,Unknown,true,false,3038-03-01,3039-07-25,34 C-Bill,Early Childhood,enrolled,Undergoing Education,Capricorn III Institute of Advanced Science,Private Education,Private Education,Private Education,3041-09-03,3044-01-29,Unknown,10,2,1,false,Enrolled at Capricorn III Institute of Advanced Science studying a Private Education course.,,,,,,,MekHQ currently marks this person as Student; keep on the school roster until status changes.
enrolled_current,high,low,no warrior-candidate signal in compact summaries,a687d913-ab25-41fd-a15c-a64390045366,Tayla De Jesús,Recruit Tayla De Jesús,Student,Recruit,Dependent,None,Unknown,Unknown,Unknown,Unknown,Unknown,true,false,3038-05-07,3040-07-16,34 C-Bill,Early Childhood,in_transit_to_school,Journeying to Campus,Remshield Institute of Science,Daycare,Daycare,Daycare,3040-07-16,3044-01-29,Unknown,10,2,1282,false,Enrolled at Remshield Institute of Science studying a Daycare course.,,,,,,,MekHQ currently marks this person as Student; keep on the school roster until status changes.
enrolled_current,high,high,notable traits/options: Toughness (ATOW); martial education program: Flight Academy,c2194e97-8ca0-4ca1-acc8-549b8d27b577,Aongus Herrera,Recruit Aongus Herrera,Student,Recruit,Dependent,None,Unknown,Unknown,Unknown,Unknown,Unknown,true,false,3038-05-18,3039-07-25,34 C-Bill,High School,in_transit_to_school,Journeying to Campus,Remshield Advanced Warfighting College of Advanced Science,Flight Academy,Flight Academy,Flight Academy,3040-07-16,3045-09-10,Unknown,600,2,1282,false,Enrolled at Remshield Advanced Warfighting College of Advanced Science studying a Flight Academy course.,,Computers L0/FV9; Language/Any L1/FV7; Protocols/Any L1/FV7,Toughness (ATOW),Toughness (ATOW),,,MekHQ currently marks this person as Student; keep on the school roster until status changes.
enrolled_current,high,low,no warrior-candidate signal in compact summaries,71d9af87-fa0a-440c-ade3-13af663e3c71,Mike Takahashi,Recruit Mike Takahashi,Student,Recruit,Dependent,None,Unknown,Unknown,Unknown,Unknown,Unknown,true,false,3038-05-18,3040-07-16,34 C-Bill,Early Childhood,in_transit_to_school,Journeying to Campus,Institute of Remshield,Private Education,Private Education,Private Education,3040-07-16,3044-01-29,Unknown,10,2,1282,false,Enrolled at Institute of Remshield studying a Private Education course.,,,,,,,MekHQ currently marks this person as Student; keep on the school roster until status changes.
enrolled_current,high,high,martial education program: Flight Academy,14912f57-a325-40a5-b6b7-69ffa3628dd0,Misano Takahashi,Recruit Misano Takahashi,Student,Recruit,Tech/Communications,None,Unknown,Unknown,Unknown,Unknown,Unknown,true,false,3038-05-18,3040-07-16,268 C-Bill,High School,in_transit_to_school,Journeying to Campus,War Institute of Remshield,Flight Academy,Flight Academy,Flight Academy,3040-07-16,3045-09-10,Unknown,600,2,1282,false,Enrolled at War Institute of Remshield studying a Flight Academy course.,,Acrobatics L1/FV5; Communications/Any L4/FV3; Cryptography L0/FV9; Tech/Mechanic L4/FV5,,,,,MekHQ currently marks this person as Student; keep on the school roster until status changes.
enrolled_current,high,high,martial education program: Flight Academy,049ee36c-86e0-4244-bca9-94384a833502,Susana Mona,Recruit Susana Mona,Student,Recruit,Media Manipulator,None,Unknown,Unknown,Unknown,Unknown,Unknown,true,false,3038-05-18,3040-07-16,168 C-Bill,College,in_transit_to_school,Journeying to Campus,Remshield War College of Advanced Science,Flight Academy,Flight Academy,Flight Academy,3040-07-16,3045-09-10,Unknown,600,2,1282,false,Enrolled at Remshield War College of Advanced Science studying a Flight Academy course.,,Acting L3/FV4; Art/Writing L2/FV7; Language/Any L1/FV6; Sensor Operations L2/FV6; Survival/Any L1/FV8,,,,,MekHQ currently marks this person as Student; keep on the school roster until status changes.
enrolled_current,high,high,martial education program: MekWarrior Academy,b7784423-c02f-418a-bf19-ff37aa1057b5,Nereida Suzuki,Recruit Nereida Suzuki,Student,Recruit,Comms Operator,None,Unknown,Unknown,Unknown,Unknown,Unknown,true,false,3038-10-15,3040-07-16,168 C-Bill,High School,in_transit_to_school,Journeying to Campus,Military Polytechnic of Remshield,MekWarrior Academy,MekWarrior Academy,MekWarrior Academy,3040-07-16,3045-09-10,Unknown,600,2,1282,false,Enrolled at Military Polytechnic of Remshield studying a MekWarrior Academy course.,,Administration L3/FV5; Communications/Any L3/FV4,,,,,MekHQ currently marks this person as Student; keep on the school roster until status changes.
enrolled_current,high,low,no warrior-candidate signal in compact summaries,ea12e98d-a1b3-4c49-9b24-fd6791d82161,Jahia Bettini,Recruit Jahia Bettini,Student,Recruit,Dependent,None,Unknown,Unknown,Unknown,Unknown,Unknown,true,false,3039-01-03,3040-07-16,34 C-Bill,Early Childhood,in_transit_to_school,Journeying to Campus,Remshield Institute of Higher Learning,Private Education,Private Education,Private Education,3040-07-16,3044-01-29,Unknown,10,2,1282,false,Enrolled at Remshield Institute of Higher Learning studying a Private Education course.,,,,,,,MekHQ currently marks this person as Student; keep on the school roster until status changes.
enrolled_current,high,high,martial education program: Advanced War Fighting Academy,9725278f-6043-4396-a372-c6ba91adff5f,Sasa Panagiatopoulos,Recruit Sasa Panagiatopoulos,Student,Recruit,Subversive Poet,None,Unknown,Unknown,Unknown,Unknown,Unknown,true,false,3039-01-14,3040-07-16,268 C-Bill,College,in_transit_to_school,Journeying to Campus,Advanced Warfighting Institute of Remshield,Advanced War Fighting Academy,Advanced War Fighting Academy,Advanced War Fighting Academy,3040-07-16,3045-09-10,Unknown,600,2,1282,false,Enrolled at Advanced Warfighting Institute of Remshield studying a Advanced War Fighting Academy course.,,Acrobatics L1/FV6; Art/Poetry L3/FV5; Interest/Politics L3/FV5; Running L1/FV6,,,,,MekHQ currently marks this person as Student; keep on the school roster until status changes.
enrolled_current,high,low,no warrior-candidate signal in compact summaries,3fc6e75a-1f7c-408b-a192-adfffb724fda,Marie Locke,Recruit Marie Locke,Student,Recruit,Professional,None,Unknown,Unknown,Unknown,Unknown,Unknown,true,false,3039-03-18,3040-07-16,168 C-Bill,Early Childhood,in_transit_to_school,Journeying to Campus,Remshield College of Advanced Science,General Education,General Education,General Education,3040-07-16,3044-06-17,Unknown,150,2,1282,false,Enrolled at Remshield College of Advanced Science studying a General Education course.,,Career/Any L1/FV5; Interest/Pop-Culture L1/FV6; Running L1/FV7; Science/Biology L1/FV6; Thrown Weapons L0/FV8,,,,,MekHQ currently marks this person as Student; keep on the school roster until status changes.
enrolled_current,high,low,no warrior-candidate signal in compact summaries,16bfeffe-8bdb-4979-b1be-1538f0326034,Dwight Nienaber,Recruit Dwight Nienaber,Student,Recruit,Dependent,None,Unknown,Unknown,Unknown,Unknown,Unknown,true,false,3039-05-19,3040-07-16,34 C-Bill,Early Childhood,in_transit_to_school,Journeying to Campus,Institute of Remshield,Private Education,Private Education,Private Education,3040-07-16,3044-01-29,Unknown,10,2,1282,false,Enrolled at Institute of Remshield studying a Private Education course.,,,,,,,MekHQ currently marks this person as Student; keep on the school roster until status changes.
enrolled_current,high,high,combat/aerospace skills: Leadership L3/FV3; martial education program: Advanced War Fighting Academy,394e7477-5d96-4eb0-abdb-710fb9e65852,Tekla Tawfiki,Recruit Tekla Tawfiki,Student,Recruit,Penniless Noble,None,Unknown,Unknown,Unknown,Unknown,Unknown,true,false,3039-07-01,3040-07-16,536 C-Bill,Post-Graduate,in_transit_to_school,Journeying to Campus,Advanced Warfighting Academy of Remshield,Advanced War Fighting Academy,Advanced War Fighting Academy,Advanced War Fighting Academy,3040-07-16,3045-09-10,Unknown,600,2,1282,false,Enrolled at Advanced Warfighting Academy of Remshield studying a Advanced War Fighting Academy course.,Leadership L3/FV3,Acrobatics L2/FV5; Cryptography L2/FV5; Interest/Politics L5/FV2; Interrogation L2/FV5; Leadership L3/FV3,,,,,MekHQ currently marks this person as Student; keep on the school roster until status changes.
enrolled_current,high,low,no warrior-candidate signal in compact summaries,f25a3287-30ea-4ffe-8be8-9c476af35416,Hu-lan King-Stasinopoulos,Recruit Hu-lan King-Stasinopoulos,Student,Recruit,Dependent,None,Unknown,Unknown,Unknown,Unknown,Unknown,true,false,3039-08-12,3040-07-16,34 C-Bill,Early Childhood,in_transit_to_school,Journeying to Campus,Institute of Remshield,Daycare,Daycare,Daycare,3040-07-16,3044-01-29,Unknown,10,2,1282,false,Enrolled at Institute of Remshield studying a Daycare course.,,,,,,,MekHQ currently marks this person as Student; keep on the school roster until status changes.
enrolled_current,high,high,martial education program: Advanced War Fighting Academy,869eee7d-1824-4d37-848e-1c96260de750,Chris Kawilarang,Recruit Chris Kawilarang,Student,Recruit,Dependent,None,Unknown,Unknown,Unknown,Unknown,Unknown,true,false,3039-10-28,3040-07-16,34 C-Bill,High School,in_transit_to_school,Journeying to Campus,Military Academy of Remshield,Advanced War Fighting Academy,Advanced War Fighting Academy,Advanced War Fighting Academy,3040-07-16,3045-09-10,Unknown,600,2,1282,false,Enrolled at Military Academy of Remshield studying a Advanced War Fighting Academy course.,,Protocols/Any L1/FV6,,,,,MekHQ currently marks this person as Student; keep on the school roster until status changes.
enrolled_current,high,high,martial education program: MekWarrior Academy,f0ee7236-648a-4e1f-96d3-ad25a38dbdce,Alexander Gilzean,Recruit Alexander Gilzean,Student,Recruit,Noble Page,None,Unknown,Unknown,Unknown,Unknown,Unknown,true,false,3039-12-09,3040-07-16,168 C-Bill,College,in_transit_to_school,Journeying to Campus,Combat University of Remshield,MekWarrior Academy,MekWarrior Academy,MekWarrior Academy,3040-07-16,3045-09-10,Unknown,600,2,1282,false,Enrolled at Combat University of Remshield studying a MekWarrior Academy course.,,Administration L2/FV5; Protocols/Any L1/FV7; Security Systems/Electronic L1/FV7,,,,,MekHQ currently marks this person as Student; keep on the school roster until status changes.
enrolled_current,high,high,martial education program: MekWarrior Academy,b0cc2074-259f-4e2c-9f3d-a54b22425387,Waldemar Vozick,Recruit Waldemar Vozick,Student,Recruit,Professional,None,Unknown,Unknown,Unknown,Unknown,Unknown,true,false,3039-12-30,3040-07-16,100 C-Bill,High School,in_transit_to_school,Journeying to Campus,Combined Forces University of Remshield,MekWarrior Academy,MekWarrior Academy,MekWarrior Academy,3040-07-16,3045-09-10,Unknown,600,2,1282,false,Enrolled at Combined Forces University of Remshield studying a MekWarrior Academy course.,,Career/Any L1/FV6; Computers L1/FV8; Science/Other L1/FV8; Survival/Any L0/FV9,,,,,MekHQ currently marks this person as Student; keep on the school roster until status changes.
enrolled_current,high,low,no warrior-candidate signal in compact summaries,f83d9558-d12d-48a8-9ef1-057065976f1f,Keri Arikan,Recruit Keri Arikan,Student,Recruit,Dependent,None,Unknown,Unknown,Unknown,Unknown,Unknown,true,false,3040-04-27,3040-07-16,34 C-Bill,Early Childhood,in_transit_to_school,Journeying to Campus,Remshield School of Higher Learning,Daycare,Daycare,Daycare,3040-07-16,3044-01-29,Unknown,10,2,1282,false,Enrolled at Remshield School of Higher Learning studying a Daycare course.,,,,,,,MekHQ currently marks this person as Student; keep on the school roster until status changes.
enrolled_current,high,low,no warrior-candidate signal in compact summaries,720025d6-83f9-48b8-a602-debbbe3d614f,Huang-di Wang,Recruit Huang-di Wang,Student,Recruit,Merchant,None,Unknown,Unknown,Unknown,Unknown,Unknown,true,false,3040-05-28,3040-07-16,168 C-Bill,College,in_transit_to_school,Journeying to Campus,Remshield School of Advanced Science,Advanced Medicine,Advanced Medicine,Advanced Medicine,3040-07-16,3045-09-10,Unknown,600,2,1282,false,Enrolled at Remshield School of Advanced Science studying a Advanced Medicine course.,,Appraisal L2/FV6; Cryptography L1/FV7; Negotiation L3/FV5,,,,,MekHQ currently marks this person as Student; keep on the school roster until status changes.
enrolled_current,high,high,combat/aerospace skills: Leadership L1/FV7; Tactics/Any L4/FV5; martial education program: Flight Academy,e31adcea-8f55-4a1f-85b2-298388eea09d,Itzel Zelenohorskyj,Recruit Itzel Zelenohorskyj,Student,Recruit,Military Theorist,None,Unknown,Unknown,Unknown,Unknown,Unknown,true,false,3040-05-28,3040-07-16,268 C-Bill,College,in_transit_to_school,Journeying to Campus,Advanced Warfighting Institute of Sarna,Flight Academy,Flight Academy,Flight Academy,3041-01-01,3045-09-10,Unknown,600,2,1113,false,Enrolled at Advanced Warfighting Institute of Sarna studying a Flight Academy course.,Leadership L1/FV7; Tactics/Any L4/FV5,Interest/Military L4/FV5; Leadership L1/FV7; Security Systems/Mechanical L0/FV9; Survival/Any L1/FV8; Tactics/Any L4/FV5,,Ranger (Unofficial),,,MekHQ currently marks this person as Student; keep on the school roster until status changes.
enrolled_current,high,high,martial education program: MekWarrior Academy,3bc450c3-ac1b-4b5a-b5cd-9557423c51e9,Men Manzi,Recruit Men Manzi,Student,Recruit,Mess Hall Manager,None,Unknown,Unknown,Unknown,Unknown,Unknown,true,false,3040-07-06,3040-07-16,100 C-Bill,High School,in_transit_to_school,Journeying to Campus,Remshield Combined Arms School of Advanced Technology,MekWarrior Academy,MekWarrior Academy,MekWarrior Academy,3040-07-16,3045-09-10,Unknown,600,2,1282,false,Enrolled at Remshield Combined Arms School of Advanced Technology studying a MekWarrior Academy course.,,Administration L3/FV5; Animal Handling L1/FV7; Art/Cooking L3/FV7; Interrogation L1/FV7; Protocols/Any L1/FV6; Survival/Any L1/FV9,,,,,MekHQ currently marks this person as Student; keep on the school roster until status changes.
graduation_candidate,high,high,combat/aerospace skills: Gunnery/Mek L2/FV4; Piloting/Mek L2/FV4; current role: MekWarrior; MekHQ marks education as requiring assignment review,b9bef7b5-93af-4c4e-82b5-eb2692ed111f,Hirokumi Takahashi,Recruit Hirokumi Takahashi,Active,Recruit,MekWarrior,None,Unknown,Unknown,Unknown,Unknown,Unknown,true,false,3026-08-21,3039-07-25,"1,005 C-Bill",Early Childhood,not_applicable,None,Unknown,Unknown,Unknown,Unknown,Unknown,Unknown,Unknown,Unknown,0,0,true,Returned from education or training,Gunnery/Mek L2/FV4; Piloting/Mek L2/FV4,Acrobatics L1/FV5; Computers L1/FV8; Gunnery/Mek L2/FV4; Piloting/Mek L2/FV4; Swimming L1/FV6,,Urban Guerrilla (CamOps),,,MekHQ education summary marks this person for assignment review after training.
graduation_candidate,high,high,combat/aerospace skills: Gunnery/Aerospace L2/FV5; Piloting/Aerospace L2/FV5; current role: Aerospace Pilot; MekHQ marks education as requiring assignment review,43af414d-9a12-4042-bc52-00a03e373b68,Gulzar Tapanelli,Spaceman Recruit Gulzar Tapanelli,Active,Spaceman Recruit,Aerospace Pilot,None,Unknown,Unknown,Unknown,Unknown,Unknown,true,false,3040-10-03,3041-01-01,603 C-Bill,College,not_applicable,None,Unknown,Unknown,Unknown,Unknown,Unknown,Unknown,Unknown,Unknown,0,0,true,Returned from education or training,Gunnery/Aerospace L2/FV5; Piloting/Aerospace L2/FV5,Administration L2/FV6; Art/Other L1/FV8; Communications/Any L0/FV7; Gunnery/Aerospace L2/FV5; Interest/Economics L4/FV5; Investigation L1/FV8; Piloting/Aerospace L2/FV5; Science/Xenobiology L1/FV8; Sensor Operations L1/FV7; Zero-G Operations L1/FV5,,,,,MekHQ education summary marks this person for assignment review after training.
background_role_review,high,high,combat/aerospace skills: Leadership L2/FV6,b9b0d188-5690-425f-8735-33999ad6ef25,Badr Mika'il,Badr Mika'il,Background Character,,Professional,None,Unknown,Unknown,Unknown,Unknown,Unknown,true,false,3025-01-01,3025-01-01,75 C-Bill,High School,not_applicable,None,Unknown,Unknown,Unknown,Unknown,Unknown,Unknown,Unknown,Unknown,0,0,false,,Leadership L2/FV6,Career/Any L1/FV6; Investigation L1/FV8; Language/Any L0/FV8; Leadership L2/FV6; Running L1/FV5; Streetwise/Any L1/FV7,,,,,Background character has a non-dependent role; review for whether this should become an assigned job.
background_role_review,high,high,combat/aerospace skills: Piloting/Ground Vehicle L3/FV5,b0df11fc-89e6-4da6-be63-3b42c5f98138,Balbina Giacomelli,Balbina Giacomelli,Background Character,,Personal Valet,None,Unknown,Unknown,Unknown,Unknown,Unknown,true,false,3025-01-01,3025-01-01,125 C-Bill,High School,not_applicable,None,Unknown,Unknown,Unknown,Unknown,Unknown,Unknown,Unknown,Unknown,0,0,false,,Piloting/Ground Vehicle L3/FV5,Piloting/Ground Vehicle L3/FV5; Protocols/Any L2/FV6; Streetwise/Any L1/FV7,,,,,Background character has a non-dependent role; review for whether this should become an assigned job.
background_role_review,high,high,combat/aerospace skills: Leadership L3/FV5; Strategy L1/FV8,161a66f8-0745-484f-a892-2e44e5974d98,Vera Tung,Vera Tung,Background Character,,Duelist,None,Unknown,Unknown,Unknown,Unknown,Unknown,true,false,3025-01-01,3025-01-01,200 C-Bill,College,not_applicable,None,Unknown,Unknown,Unknown,Unknown,Unknown,Unknown,Unknown,Unknown,0,0,false,,Leadership L3/FV5; Strategy L1/FV8,Acting L2/FV6; Leadership L3/FV5; Melee Weapons L5/FV4; Protocols/Any L1/FV7; Strategy L1/FV8,,Significant Compulsion - Hates the Clans/Aliens (ATOW); In For Life (ATOW),,,Background character has a non-dependent role; review for whether this should become an assigned job.
background_role_review,high,high,combat/aerospace skills: Leadership L3/FV5,7e109dc7-30b1-45df-a969-8c1f49ddb174,Yoonus bin Bashshar,Yoonus bin Bashshar,Background Character,,Morale Officer,None,Unknown,Unknown,Unknown,Unknown,Unknown,true,false,3025-01-01,3025-01-01,125 C-Bill,High School,not_applicable,None,Unknown,Unknown,Unknown,Unknown,Unknown,Unknown,Unknown,Unknown,0,0,false,,Leadership L3/FV5,Acrobatics L1/FV6; Acting L3/FV5; Art/Singing L1/FV8; Cryptography L1/FV8; Leadership L3/FV5; Survival/Any L2/FV7,,,,,Background character has a non-dependent role; review for whether this should become an assigned job.
background_role_review,high,high,combat/aerospace skills: Piloting/Naval L2/FV6,9f00d191-cb2d-4e65-ba97-7a82228b1477,Martín Tae-Miranda,Martín Tae-Miranda,Background Character,,Professional,None,Unknown,Unknown,Unknown,Unknown,Unknown,true,false,3030-06-01,3030-06-01,75 C-Bill,Early Childhood,not_applicable,None,Unknown,Unknown,Unknown,Unknown,Unknown,Unknown,Unknown,Unknown,0,0,false,,Piloting/Naval L2/FV6,Career/Any L1/FV6; Computers L0/FV9; Piloting/Naval L2/FV6; Streetwise/Any L1/FV7,,,,,Background character has a non-dependent role; review for whether this should become an assigned job.
background_role_review,high,high,combat/aerospace skills: Tech/Mek L3/FV6,1df7d173-6f61-4e0e-89e7-60caf94c69ad,Melodi Inonu,Melodi Inonu,Background Character,,Astech Trainer,None,Unknown,Unknown,Unknown,Unknown,Unknown,true,false,3031-06-01,3031-06-01,75 C-Bill,High School,not_applicable,None,Unknown,Unknown,Unknown,Unknown,Unknown,Unknown,Unknown,Unknown,0,0,false,,Tech/Mek L3/FV6,Interest/Pop-Culture L1/FV8; Running L2/FV5; Science/Chemistry L1/FV8; Survival/Any L1/FV8; Swimming L2/FV5; Tech/Mek L3/FV6; Training L2/FV7,,,,,Background character has a non-dependent role; review for whether this should become an assigned job.
background_role_review,high,high,combat/aerospace skills: Tech/Aero L1/FV9,14b2e9a4-bd67-4a9a-a3ab-dbf565086be3,Akbar Mehri,Akbar Mehri,Background Character,,Civilian AeroTek,None,Unknown,Unknown,Unknown,Unknown,Unknown,true,false,3034-09-10,3034-09-10,75 C-Bill,High School,not_applicable,None,Unknown,Unknown,Unknown,Unknown,Unknown,Unknown,Unknown,Unknown,0,0,false,,Tech/Aero L1/FV9,Security Systems/Electronic L2/FV8; Tech/Aero L1/FV9; Tech/Mechanic L0/FV10,,,,,Background character has a non-dependent role; review for whether this should become an assigned job.
background_role_review,high,high,combat/aerospace skills: Leadership L0/FV8; Tactics/Any L0/FV9,6cab668e-8c62-4a2d-833d-5edef59761e8,Kuisma Demai,Kuisma Demai,Background Character,,Professional,None,Unknown,Unknown,Unknown,Unknown,Unknown,true,false,3035-04-08,3035-04-08,200 C-Bill,Post-Graduate,not_applicable,None,Unknown,Unknown,Unknown,Unknown,Unknown,Unknown,Unknown,Unknown,0,0,false,,Leadership L0/FV8; Tactics/Any L0/FV9,Career/Any L3/FV4; Investigation L0/FV9; Leadership L0/FV8; Swimming L1/FV6; Tactics/Any L0/FV9,,,,,Background character has a non-dependent role; review for whether this should become an assigned job.
background_role_review,high,high,combat/aerospace skills: Leadership L3/FV5; Strategy L2/FV8,4ccee4e4-6a3d-4afe-a108-808581b0898d,Sadao Ageda,Sadao Ageda,Background Character,,Morale Officer,None,Unknown,Unknown,Unknown,Unknown,Unknown,true,false,3039-05-19,3039-05-19,75 C-Bill,High School,not_applicable,None,Unknown,Unknown,Unknown,Unknown,Unknown,Unknown,Unknown,Unknown,0,0,false,,Leadership L3/FV5; Strategy L2/FV8,Acrobatics L1/FV6; Acting L2/FV6; Appraisal L1/FV8; Leadership L3/FV5; Strategy L2/FV8; Survival/Any L0/FV10,,,,,Background character has a non-dependent role; review for whether this should become an assigned job.
background_role_review,high,high,notable traits/options: Ambidextrous (ATOW),0e1dddd1-2f51-4304-98a7-7378538fb456,Oleg Truong,Oleg Truong,Background Character,,Professional,None,Unknown,Unknown,Unknown,Unknown,Unknown,true,false,3040-05-28,3040-05-28,125 C-Bill,High School,not_applicable,None,Unknown,Unknown,Unknown,Unknown,Unknown,Unknown,Unknown,Unknown,0,0,false,,,Career/Any L2/FV5; Investigation L2/FV7,Ambidextrous (ATOW),Ambidextrous (ATOW),,,Background character has a non-dependent role; review for whether this should become an assigned job.
background_role_review,high,high,combat/aerospace skills: Tactics/Any L4/FV5,77bbb01e-896a-4bd3-800e-ca7d8a73d9ba,Madiecke Dekkers,Madiecke Dekkers,Background Character,,Tactical Analyst,None,Unknown,Unknown,Unknown,Unknown,Unknown,true,false,3041-06-01,3041-06-01,200 C-Bill,College,not_applicable,None,Unknown,Unknown,Unknown,Unknown,Unknown,Unknown,Unknown,Unknown,0,0,false,,Tactics/Any L4/FV5,Computers L4/FV5; Running L1/FV6; Stealth L1/FV7; Tactics/Any L4/FV5,,Significant Compulsion - Hates Other Factions (ATOW),,,Background character has a non-dependent role; review for whether this should become an assigned job.
background_role_review,high,high,combat/aerospace skills: Gunnery/BattleArmor L4/FV4; Leadership L2/FV5,1b49b8c8-18fa-41c5-a055-54dcb0c9b18b,Keith Shaffer,Keith Shaffer,Background Character,,Painter,None,Unknown,Unknown,Unknown,Unknown,Unknown,true,false,3041-08-03,3041-08-03,125 C-Bill,College,not_applicable,None,Unknown,Unknown,Unknown,Unknown,Unknown,Unknown,Unknown,Unknown,0,0,false,,Gunnery/BattleArmor L4/FV4; Leadership L2/FV5,Art/Painting L3/FV6; Career/Any L1/FV6; Computers L0/FV9; Gunnery/BattleArmor L4/FV4; Interest/Mythology L3/FV6; Language/Any L1/FV6; Leadership L2/FV5; Swimming L1/FV6,,,,,Background character has a non-dependent role; review for whether this should become an assigned job.
background_role_review,high,high,combat/aerospace skills: Tactics/Any L3/FV6,da509180-57b6-4fec-9d4c-8f3224e6eb1b,Cincinel Bonelli,Cincinel Bonelli,Background Character,,Security Advisor,None,Unknown,Unknown,Unknown,Unknown,Unknown,true,false,3042-10-01,3042-10-01,125 C-Bill,High School,not_applicable,None,Unknown,Unknown,Unknown,Unknown,Unknown,Unknown,Unknown,Unknown,0,0,false,,Tactics/Any L3/FV6,Animal Handling L2/FV6; Interest/Literature L1/FV8; Protocols/Any L1/FV7; Running L2/FV5; Security Systems/Electronic L3/FV6; Tactics/Any L3/FV6,,,,,Background character has a non-dependent role; review for whether this should become an assigned job.
dependent_on_payroll_review,high,high,combat/aerospace skills: Gunnery/Spacecraft L1/FV7; dependent/background scout candidate,e3a4c401-5dac-4ac8-9967-a78f5a5988af,Karl Phan,Karl Phan,Camp Follower,,Dependent,None,Unknown,Unknown,Unknown,Unknown,Unknown,false,false,3025-02-01,Unknown,0 C-Bill,High School,not_applicable,None,Unknown,Unknown,Unknown,Unknown,Unknown,Unknown,Unknown,Unknown,0,0,false,,Gunnery/Spacecraft L1/FV7,Cryptography L1/FV7; Gunnery/Spacecraft L1/FV7; Streetwise/Any L1/FV7; Survival/Any L2/FV6,,Slow Learner (ATOW),,,Dependent remains in the live personnel export; review scholarship/enrollment status manually.
dependent_on_payroll_review,high,high,notable traits/options: Melee Master (CamOps); dependent/background scout candidate,e83e5620-15a6-4e58-948a-aa59ab8679a5,Clarissa Jacopino,Clarissa Jacopino,Camp Follower,,Dependent,None,Unknown,Unknown,Unknown,Unknown,Unknown,false,false,3028-01-14,Unknown,0 C-Bill,Early Childhood,not_applicable,None,Unknown,Unknown,Unknown,Unknown,Unknown,Unknown,Unknown,Unknown,0,0,false,,,Cryptography L0/FV9; Language/Any L0/FV8; Security Systems/Electronic L0/FV9,Melee Master (CamOps),Melee Master (CamOps),,,Dependent remains in the live personnel export; review scholarship/enrollment status manually.
dependent_on_payroll_review,high,high,combat/aerospace skills: Tactics/Any L1/FV8; dependent/background scout candidate,13afed42-a53c-4864-ac2d-118d0579f627,Waseme Jabiri,Waseme Jabiri,Background Character,,Dependent,None,Unknown,Unknown,Unknown,Unknown,Unknown,true,false,3036-07-01,Unknown,25 C-Bill,High School,not_applicable,None,Unknown,Unknown,Unknown,Unknown,Unknown,Unknown,Unknown,Unknown,0,0,false,,Tactics/Any L1/FV8,Acrobatics L1/FV6; Animal Handling L2/FV6; Computers L1/FV8; Investigation L1/FV8; Running L1/FV6; Science/Physics L2/FV7; Sleight of Hand/Any L1/FV7; Tactics/Any L1/FV8,,,,,Dependent remains in the live personnel export; review scholarship/enrollment status manually.
dependent_on_payroll_review,high,high,combat/aerospace skills: Gunnery/Aircraft L4/FV4; dependent/background scout candidate,a26a07bd-88d3-49c2-b14e-9741db837d3b,Josh Sree,Josh Sree,Background Character,,Dependent,None,Unknown,Unknown,Unknown,Unknown,Unknown,true,false,3039-01-03,Unknown,25 C-Bill,College,not_applicable,None,Unknown,Unknown,Unknown,Unknown,Unknown,Unknown,Unknown,Unknown,0,0,false,,Gunnery/Aircraft L4/FV4,Acrobatics L0/FV7; Cryptography L0/FV9; Gunnery/Aircraft L4/FV4; Survival/Any L1/FV8,,,,,Dependent remains in the live personnel export; review scholarship/enrollment status manually.
dependent_on_payroll_review,high,high,combat/aerospace skills: Leadership L1/FV5; dependent/background scout candidate,b47abe06-f395-4db0-a525-a3b91b747461,Chang-hyeok Christie,Chang-hyeok Christie,Camp Follower,,Dependent,None,Unknown,Unknown,Unknown,Unknown,Unknown,false,false,3041-02-28,Unknown,0 C-Bill,High School,not_applicable,None,Unknown,Unknown,Unknown,Unknown,Unknown,Unknown,Unknown,Unknown,0,0,false,,Leadership L1/FV5,Computers L1/FV8; Language/Any L2/FV5; Leadership L1/FV5; Protocols/Any L1/FV5; Security Systems/Electronic L1/FV8; Streetwise/Any L1/FV6,,,,,Dependent remains in the live personnel export; review scholarship/enrollment status manually.
dependent_on_payroll_review,high,high,combat/aerospace skills: Strategy L0/FV8; dependent/background scout candidate,cde133e1-5e2d-43f8-98c6-776637df27d4,Tonito Padua,Tonito Padua,Camp Follower,,Dependent,None,Unknown,Unknown,Unknown,Unknown,Unknown,false,false,3041-06-01,Unknown,0 C-Bill,High School,not_applicable,None,Unknown,Unknown,Unknown,Unknown,Unknown,Unknown,Unknown,Unknown,0,0,false,,Strategy L0/FV8,Communications/Any L2/FV5; Science/Chemistry L1/FV7; Strategy L0/FV8,,,,,Dependent remains in the live personnel export; review scholarship/enrollment status manually.
dependent_on_payroll_review,high,high,combat/aerospace skills: Strategy L0/FV9; Tactics/Any L1/FV8; dependent/background scout candidate,4b572a77-738c-4392-a1ee-dc6b9e85333f,Heike Ettenhoffer,Heike Ettenhoffer,Background Character,,Dependent,None,Unknown,Unknown,Unknown,Unknown,Unknown,true,false,3041-09-03,Unknown,25 C-Bill,High School,not_applicable,None,Unknown,Unknown,Unknown,Unknown,Unknown,Unknown,Unknown,Unknown,0,0,false,,Strategy L0/FV9; Tactics/Any L1/FV8,Art/Sculpture L1/FV8; Disguise L1/FV6; Forgery L2/FV6; Interrogation L1/FV8; Protocols/Any L0/FV8; Strategy L0/FV9; Tactics/Any L1/FV8; Training L1/FV8,,In For Life (ATOW),,,Dependent remains in the live personnel export; review scholarship/enrollment status manually.
dependent_on_payroll_review,high,high,combat/aerospace skills: Piloting/Aircraft L3/FV5; dependent/background scout candidate,0d9282eb-3c53-4f90-b2b0-191019f35221,Dania Pervishina,Dania Pervishina,Background Character,,Dependent,None,Unknown,Unknown,Unknown,Unknown,Unknown,true,false,3042-01-01,Unknown,25 C-Bill,College,not_applicable,None,Unknown,Unknown,Unknown,Unknown,Unknown,Unknown,Unknown,Unknown,0,0,false,,Piloting/Aircraft L3/FV5,Career/Any L1/FV6; Piloting/Aircraft L3/FV5,,,,,Dependent remains in the live personnel export; review scholarship/enrollment status manually.
departed_dependent,high,high,"notable traits/options: Natural Aptitude, Piloting (aToW)",12bc0a41-e42c-40b2-8fc3-ab06359f8a6a,Bich Ballard,Bich Ballard,Left,,Dependent,None,Unknown,Unknown,Unknown,Unknown,Unknown,true,false,3025-01-01,Unknown,25 C-Bill,Early Childhood,not_applicable,None,Unknown,Unknown,Unknown,Unknown,Unknown,Unknown,Unknown,Unknown,0,0,false,,,Interrogation L1/FV9; Security Systems/Mechanical L1/FV8,"Natural Aptitude, Piloting (aToW)","Natural Aptitude, Piloting (aToW)",,,Dependent is no longer with the command; keep historical only unless the table says they returned.
departed_dependent,high,high,notable traits/options: Pain Resistance (MaxTech),91bcb8d7-856c-4157-86bb-344218f42f24,Syung-Soon Jonkieson,Syung-Soon Jonkieson,Left,,Dependent,None,Unknown,Unknown,Unknown,Unknown,Unknown,true,false,3025-01-01,Unknown,25 C-Bill,Early Childhood,not_applicable,None,Unknown,Unknown,Unknown,Unknown,Unknown,Unknown,Unknown,Unknown,0,0,false,,,Acrobatics L1/FV6; Investigation L1/FV8; Streetwise/Any L1/FV7; Swimming L0/FV7,Pain Resistance (MaxTech),Pain Resistance (MaxTech); Zweihander (CamOps),,,Dependent is no longer with the command; keep historical only unless the table says they returned.
departed_dependent,high,high,"notable traits/options: Natural Aptitude, Piloting (aToW)",c362907b-1b6f-446d-8f2c-29e7a8b50f2e,Gutka Phan,Gutka Phan,Left,,Dependent,None,Unknown,Unknown,Unknown,Unknown,Unknown,true,false,3025-02-01,Unknown,25 C-Bill,Early Childhood,not_applicable,None,Unknown,Unknown,Unknown,Unknown,Unknown,Unknown,Unknown,Unknown,0,0,false,,,Career/Any L0/FV7; Computers L2/FV7; Interest/Law L2/FV7; Swimming L2/FV5,"Natural Aptitude, Piloting (aToW)","Natural Aptitude, Piloting (aToW)",,,Dependent is no longer with the command; keep historical only unless the table says they returned.
departed_dependent,high,high,notable traits/options: Multi-Tasker (CamOps),7f0a9e3a-7f1a-461f-b656-f9d320ac7ea8,Gemma Ruíz,Gemma Ruíz,Left,,Dependent,None,Unknown,Unknown,Unknown,Unknown,Unknown,true,false,3028-06-19,Unknown,25 C-Bill,Early Childhood,not_applicable,None,Unknown,Unknown,Unknown,Unknown,Unknown,Unknown,Unknown,Unknown,0,0,false,,,Acrobatics L1/FV6; Computers L1/FV8; Security Systems/Mechanical L0/FV9,Multi-Tasker (CamOps),Multi-Tasker (CamOps),,,Dependent is no longer with the command; keep historical only unless the table says they returned.
departed_dependent,high,high,notable traits/options: Good Vision (ATOW),8cfe1e07-bd90-4222-b7ea-1e7c5d173057,Benigna Tate,Benigna Tate,Left,,Dependent,None,Unknown,Unknown,Unknown,Unknown,Unknown,true,false,3028-08-01,Unknown,25 C-Bill,Early Childhood,not_applicable,None,Unknown,Unknown,Unknown,Unknown,Unknown,Unknown,Unknown,Unknown,0,0,false,,,Acrobatics L1/FV6; Computers L1/FV8; Interest/Philosophy L0/FV9,Good Vision (ATOW),Good Vision (ATOW),,,Dependent is no longer with the command; keep historical only unless the table says they returned.
departed_dependent,high,high,notable traits/options: Dodge (MaxTech),c2b59c0b-69bd-4a78-a17c-5ed802bfd3a9,Donnell Toledo,Donnell Toledo,Left,,Dependent,None,Unknown,Unknown,Unknown,Unknown,Unknown,true,false,3034-09-10,Unknown,25 C-Bill,Early Childhood,not_applicable,None,Unknown,Unknown,Unknown,Unknown,Unknown,Unknown,Unknown,Unknown,0,0,false,,,Acrobatics L1/FV6; Art/Other L0/FV9; Computers L2/FV7; Cryptography L2/FV7; Interrogation L0/FV9; Running L1/FV6,Dodge (MaxTech),Dodge (MaxTech),,,Dependent is no longer with the command; keep historical only unless the table says they returned.
departed_dependent,high,high,notable traits/options: Sixth Sense (ATOW),c0e477e7-d4b8-4185-a557-5ce93a98b1ad,Justine Cantorna,Justine Cantorna,Left,,Dependent,None,Unknown,Unknown,Unknown,Unknown,Unknown,true,false,3037-05-20,Unknown,25 C-Bill,Early Childhood,not_applicable,None,Unknown,Unknown,Unknown,Unknown,Unknown,Unknown,Unknown,Unknown,0,0,false,,,Cryptography L1/FV8; Protocols/Any L2/FV6; Running L0/FV7; Science/Pharmacology L0/FV9; Survival/Any L1/FV8,Sixth Sense (ATOW),Sixth Sense (ATOW),,,Dependent is no longer with the command; keep historical only unless the table says they returned.
background_role_review,medium,low,no warrior-candidate signal in compact summaries,57a7732e-517c-464e-92bd-53e522514953,Corazon Riodique,Corazon Riodique,Background Character,,Wedding Planner,None,Unknown,Unknown,Unknown,Unknown,Unknown,true,false,3025-01-01,3025-01-01,75 C-Bill,Early Childhood,not_applicable,None,Unknown,Unknown,Unknown,Unknown,Unknown,Unknown,Unknown,Unknown,0,0,false,,,Acrobatics L2/FV5; Administration L2/FV6; Protocols/Any L1/FV7; Streetwise/Any L1/FV7; Survival/Any L1/FV8,,,,,Background character has a non-dependent role; review for whether this should become an assigned job.
background_role_review,medium,low,no warrior-candidate signal in compact summaries,25fc40ad-89ff-455e-8d80-65ae357b5ca2,Qwdas Trynkov,Qwdas Trynkov,Background Character,,Livestock Farmer,None,Unknown,Unknown,Unknown,Unknown,Unknown,true,false,3025-01-01,3025-01-01,125 C-Bill,High School,not_applicable,None,Unknown,Unknown,Unknown,Unknown,Unknown,Unknown,Unknown,Unknown,0,0,false,,,Animal Handling L2/FV6; Communications/Any L1/FV6; Computers L1/FV8; Running L2/FV5; Science/Xenobiology L3/FV6,,,,,Background character has a non-dependent role; review for whether this should become an assigned job.
background_role_review,medium,low,no warrior-candidate signal in compact summaries,d628f585-ae90-4f1b-a0bc-d80b70d324f7,Ramkrishna Thirumalaiswamy,Ramkrishna Thirumalaiswamy,Background Character,,Professional,None,Unknown,Unknown,Unknown,Unknown,Unknown,true,false,3025-01-01,3025-01-01,125 C-Bill,College,not_applicable,None,Unknown,Unknown,Unknown,Unknown,Unknown,Unknown,Unknown,Unknown,0,0,false,,,Art/Drawing L1/FV8; Career/Any L2/FV5; Streetwise/Any L1/FV7,,,,,Background character has a non-dependent role; review for whether this should become an assigned job.
background_role_review,medium,low,no warrior-candidate signal in compact summaries,6ec3a6e9-5545-4df7-9e6a-c60f893ccdda,Wilma Manzei,Wilma Manzei,Background Character,,Professional,None,Unknown,Unknown,Unknown,Unknown,Unknown,true,false,3026-05-01,3026-05-01,200 C-Bill,Post-Graduate,not_applicable,None,Unknown,Unknown,Unknown,Unknown,Unknown,Unknown,Unknown,Unknown,0,0,false,,,Career/Any L3/FV4; Investigation L1/FV8; Streetwise/Any L0/FV8; Tracking/Any L1/FV7,,,,,Background character has a non-dependent role; review for whether this should become an assigned job.
background_role_review,medium,low,no warrior-candidate signal in compact summaries,ef66b63a-68c2-44de-b7a2-2278bf89e212,Peter Chaga,Peter Chaga,Background Character,,Professional,None,Unknown,Unknown,Unknown,Unknown,Unknown,true,false,3030-06-01,3030-06-01,125 C-Bill,High School,not_applicable,None,Unknown,Unknown,Unknown,Unknown,Unknown,Unknown,Unknown,Unknown,0,0,false,,,Career/Any L2/FV5; Cryptography L1/FV8,,Dark Secret - Extreme (ATOW),,,Background character has a non-dependent role; review for whether this should become an assigned job.
background_role_review,medium,low,no warrior-candidate signal in compact summaries,33e05c91-378a-44fc-b36f-32e905ccd645,Florence Lung,Florence Lung,Background Character,,Intelligence Analyst,None,Unknown,Unknown,Unknown,Unknown,Unknown,true,false,3030-06-18,3030-06-18,75 C-Bill,High School,not_applicable,None,Unknown,Unknown,Unknown,Unknown,Unknown,Unknown,Unknown,Unknown,0,0,false,,,Acrobatics L1/FV6; Investigation L1/FV9; Science/Biology L1/FV9; Science/Mathematics L1/FV9; Survival/Any L2/FV9,,,,,Background character has a non-dependent role; review for whether this should become an assigned job.
background_role_review,medium,low,no warrior-candidate signal in compact summaries,2a60d508-8780-4ce5-939c-2d99e7c5668d,Taketomi Kato,Taketomi Kato,Background Character,,Data Intercept Operator,None,Unknown,Unknown,Unknown,Unknown,Unknown,true,false,3032-07-01,3032-07-01,125 C-Bill,High School,not_applicable,None,Unknown,Unknown,Unknown,Unknown,Unknown,Unknown,Unknown,Unknown,0,0,false,,,Acrobatics L1/FV6; Communications/Any L3/FV4; Cryptography L1/FV8; Interest/Politics L2/FV7; Interrogation L1/FV8; Investigation L0/FV9; Science/Other L2/FV7; Sensor Operations L3/FV5; Support Weapons L0/FV7,,,,,Background character has a non-dependent role; review for whether this should become an assigned job.
background_role_review,medium,low,no warrior-candidate signal in compact summaries,70f778a1-b933-4741-a40c-773a1afc0993,Vance Tran,Vance Tran,Background Character,,Professional,None,Unknown,Unknown,Unknown,Unknown,Unknown,true,false,3032-10-18,3032-10-18,200 C-Bill,College,not_applicable,None,Unknown,Unknown,Unknown,Unknown,Unknown,Unknown,Unknown,Unknown,0,0,false,,,Career/Any L3/FV4; Cryptography L1/FV8,,,,,Background character has a non-dependent role; review for whether this should become an assigned job.
background_role_review,medium,low,no warrior-candidate signal in compact summaries,8d6f565a-306e-434f-8500-5ae181edf312,Nam-shik Pendharkar,Nam-shik Pendharkar,Background Character,,Professional,None,Unknown,Unknown,Unknown,Unknown,Unknown,true,false,3033-01-01,3033-01-01,75 C-Bill,High School,not_applicable,None,Unknown,Unknown,Unknown,Unknown,Unknown,Unknown,Unknown,Unknown,0,0,false,,,Career/Any L2/FV6; Interrogation L1/FV8; Protocols/Any L2/FV6,,,,,Background character has a non-dependent role; review for whether this should become an assigned job.
background_role_review,medium,low,no warrior-candidate signal in compact summaries,0975ef4a-e8ed-410d-8541-d08423ebbec7,Flerida Toledo,Flerida Toledo,Background Character,,Professional,None,Unknown,Unknown,Unknown,Unknown,Unknown,true,false,3034-09-10,3034-09-10,125 C-Bill,College,not_applicable,None,Unknown,Unknown,Unknown,Unknown,Unknown,Unknown,Unknown,Unknown,0,0,false,,,Art/Writing L2/FV6; Career/Any L2/FV5,,,,,Background character has a non-dependent role; review for whether this should become an assigned job.
background_role_review,medium,low,no warrior-candidate signal in compact summaries,f810e501-d3b4-4df3-8c8f-92a0c8d54479,Hummaira Ghouse-Holberg,Hummaira Ghouse-Holberg,Background Character,,Professional,None,Unknown,Unknown,Unknown,Unknown,Unknown,true,false,3036-05-01,3036-05-01,125 C-Bill,High School,not_applicable,None,Unknown,Unknown,Unknown,Unknown,Unknown,Unknown,Unknown,Unknown,0,0,false,,,Animal Handling L1/FV7; Art/Sculpture L1/FV8; Career/Any L2/FV5; Interest/Exotic Animals L2/FV7; Perception L1/FV6,,,,,Background character has a non-dependent role; review for whether this should become an assigned job.
background_role_review,medium,low,no warrior-candidate signal in compact summaries,dcbe2dc6-c07d-48be-9b24-e13c2e30fb0c,Belinda Kealohi,Belinda Kealohi,Background Character,,Trauma Counselor,None,Unknown,Unknown,Unknown,Unknown,Unknown,true,false,3036-06-01,3036-06-01,125 C-Bill,High School,not_applicable,None,Unknown,Unknown,Unknown,Unknown,Unknown,Unknown,Unknown,Unknown,0,0,false,,,Acrobatics L1/FV6; Administration L2/FV6; Astech L2/FV5; Investigation L0/FV9; Protocols/Any L1/FV7; Running L1/FV6; Science/Military L2/FV7; Science/Psychology L3/FV6,,,,,Background character has a non-dependent role; review for whether this should become an assigned job.
background_role_review,medium,low,no warrior-candidate signal in compact summaries,d1266296-9ba4-49bd-8bdc-065dd16992ed,Steve Smerdon,Steve Smerdon,Background Character,,Political Agitator,None,Unknown,Unknown,Unknown,Unknown,Unknown,true,false,3036-11-01,3036-11-01,125 C-Bill,College,not_applicable,None,Unknown,Unknown,Unknown,Unknown,Unknown,Unknown,Unknown,Unknown,0,0,false,,,Acting L3/FV5; Career/Any L1/FV6; Computers L1/FV8; Interest/Politics L3/FV6,,,,,Background character has a non-dependent role; review for whether this should become an assigned job.
background_role_review,medium,low,no warrior-candidate signal in compact summaries,d91ac37c-9d74-44dd-9b50-af50a963c6d0,Callum Clunes,Callum Clunes,Background Character,,Janitor,None,Unknown,Unknown,Unknown,Unknown,Unknown,true,false,3037-05-20,3037-05-20,125 C-Bill,College,not_applicable,None,Unknown,Unknown,Unknown,Unknown,Unknown,Unknown,Unknown,Unknown,0,0,false,,,Astech L2/FV5; Career/Any L2/FV5; Disguise L1/FV6; Interest/Fishing L1/FV8; Investigation L1/FV8,,,,,Background character has a non-dependent role; review for whether this should become an assigned job.
background_role_review,medium,low,no warrior-candidate signal in compact summaries,0461981b-5964-48bd-8701-08f484b49de5,Fergal Linwood,Fergal Linwood,Background Character,,Professional,None,Unknown,Unknown,Unknown,Unknown,Unknown,true,false,3038-12-01,3038-12-01,125 C-Bill,College,not_applicable,None,Unknown,Unknown,Unknown,Unknown,Unknown,Unknown,Unknown,Unknown,0,0,false,,,Career/Any L2/FV5; Tracking/Any L1/FV7,,,,,Background character has a non-dependent role; review for whether this should become an assigned job.
background_role_review,medium,low,no warrior-candidate signal in compact summaries,9f64044d-140e-4844-a82f-4ac66b847958,Jack García,Jack García,Background Character,,Professional,None,Unknown,Unknown,Unknown,Unknown,Unknown,true,false,3039-01-03,3039-01-03,200 C-Bill,Post-Graduate,not_applicable,None,Unknown,Unknown,Unknown,Unknown,Unknown,Unknown,Unknown,Unknown,0,0,false,,,Animal Handling L2/FV7; Career/Any L3/FV4; Cryptography L1/FV9,,,,,Background character has a non-dependent role; review for whether this should become an assigned job.
background_role_review,medium,low,no warrior-candidate signal in compact summaries,691ef72d-f9bf-4f00-97d3-2ffcb6d59c25,Zorba Fourakis,Zorba Fourakis,Background Character,,Professional,None,Unknown,Unknown,Unknown,Unknown,Unknown,true,false,3039-05-19,3039-05-19,125 C-Bill,College,not_applicable,None,Unknown,Unknown,Unknown,Unknown,Unknown,Unknown,Unknown,Unknown,0,0,false,,,Career/Any L2/FV5,,,,,Background character has a non-dependent role; review for whether this should become an assigned job.
background_role_review,medium,low,no warrior-candidate signal in compact summaries,66cc3d03-5939-47dc-a3ae-d3c91444fcd6,Halima Marcucci,Halima Marcucci,Background Character,,Personal Herald,None,Unknown,Unknown,Unknown,Unknown,Unknown,true,false,3040-06-01,3040-06-01,75 C-Bill,High School,not_applicable,None,Unknown,Unknown,Unknown,Unknown,Unknown,Unknown,Unknown,Unknown,0,0,false,,,Acting L2/FV6; Protocols/Any L2/FV6; Running L1/FV7; Security Systems/Mechanical L1/FV8,,,,,Background character has a non-dependent role; review for whether this should become an assigned job.
background_role_review,medium,low,no warrior-candidate signal in compact summaries,e4733f60-3fa3-4b25-b865-84bdd2f45742,Francoise Bugajski,Francoise Bugajski,Background Character,,Professional,None,Unknown,Unknown,Unknown,Unknown,Unknown,true,false,3040-10-03,3040-10-03,75 C-Bill,High School,not_applicable,None,Unknown,Unknown,Unknown,Unknown,Unknown,Unknown,Unknown,Unknown,0,0,false,,,Career/Any L1/FV6; Cryptography L1/FV8; Swimming L1/FV6,,,,,Background character has a non-dependent role; review for whether this should become an assigned job.
background_role_review,medium,low,no warrior-candidate signal in compact summaries,68b9abf3-b2e1-48e0-908a-87e52e3f6649,Rizaldo Agano,Rizaldo Agano,Background Character,,Professional,None,Unknown,Unknown,Unknown,Unknown,Unknown,true,false,3041-02-28,3041-02-28,75 C-Bill,High School,not_applicable,None,Unknown,Unknown,Unknown,Unknown,Unknown,Unknown,Unknown,Unknown,0,0,false,,,Career/Any L1/FV6; Running L1/FV6; Science/Other L1/FV7; Zero-G Operations L1/FV6,,,,,Background character has a non-dependent role; review for whether this should become an assigned job.
background_role_review,medium,low,no warrior-candidate signal in compact summaries,59b1ecc6-698d-4f32-b889-be12f021c35d,Joy Genovelis,Joy Genovelis,Background Character,,Professional,None,Unknown,Unknown,Unknown,Unknown,Unknown,true,false,3041-03-01,3041-03-01,200 C-Bill,Post-Graduate,not_applicable,None,Unknown,Unknown,Unknown,Unknown,Unknown,Unknown,Unknown,Unknown,0,0,false,,,Acrobatics L1/FV6; Career/Any L3/FV4; Disguise L1/FV6; Security Systems/Electronic L2/FV7,,,,,Background character has a non-dependent role; review for whether this should become an assigned job.
background_role_review,medium,low,no warrior-candidate signal in compact summaries,0a56ad0b-0209-4586-b52c-f81c57716ce1,Didrik Brusse,Didrik Brusse,Background Character,,Professional,None,Unknown,Unknown,Unknown,Unknown,Unknown,true,false,3041-03-04,3041-03-04,75 C-Bill,High School,not_applicable,None,Unknown,Unknown,Unknown,Unknown,Unknown,Unknown,Unknown,Unknown,0,0,false,,,Art/Painting L1/FV8; Career/Any L1/FV6; Computers L1/FV8; Interest/Antiques L1/FV8; Science/Geology L1/FV8; Training L0/FV9,,,,,Background character has a non-dependent role; review for whether this should become an assigned job.
background_role_review,medium,low,no warrior-candidate signal in compact summaries,d02b50c6-9539-41a7-aa20-04f0597cf3c6,Poppy Zhang-Rui,Poppy Zhang-Rui,Background Character,,Personal Assistant,None,Unknown,Unknown,Unknown,Unknown,Unknown,true,false,3041-06-01,3041-06-01,75 C-Bill,Early Childhood,not_applicable,None,Unknown,Unknown,Unknown,Unknown,Unknown,Unknown,Unknown,Unknown,0,0,false,,,Acrobatics L1/FV6; Administration L3/FV5; Art/Writing L0/FV9; Investigation L1/FV8; Language/Any L1/FV7; Protocols/Any L1/FV7; Streetwise/Any L2/FV6; Survival/Any L2/FV7,,,,,Background character has a non-dependent role; review for whether this should become an assigned job.
background_role_review,medium,low,no warrior-candidate signal in compact summaries,5e627766-9ed8-4b4d-af77-ee38edad340b,Carlos Burti,Carlos Burti,Background Character,,JumpShip Chef,None,Unknown,Unknown,Unknown,Unknown,Unknown,true,false,3041-09-03,3041-09-03,200 C-Bill,Post-Graduate,not_applicable,None,Unknown,Unknown,Unknown,Unknown,Unknown,Unknown,Unknown,Unknown,0,0,false,,,Art/Cooking L4/FV5; Protocols/Any L1/FV7; Science/Chemistry L1/FV8; Zero-G Operations L4/FV3,,,,,Background character has a non-dependent role; review for whether this should become an assigned job.
background_role_review,medium,low,no warrior-candidate signal in compact summaries,d77f0c00-1217-4fcc-ba73-dcb75d27a764,Marvin Hakro,Marvin Hakro,Background Character,,Professional,None,Unknown,Unknown,Unknown,Unknown,Unknown,true,false,3041-10-01,3041-10-01,75 C-Bill,High School,not_applicable,None,Unknown,Unknown,Unknown,Unknown,Unknown,Unknown,Unknown,Unknown,0,0,false,,,Career/Any L1/FV6; Survival/Any L0/FV9,,,,,Background character has a non-dependent role; review for whether this should become an assigned job.
background_role_review,medium,low,no warrior-candidate signal in compact summaries,1d71be0d-0836-49d4-a7f0-9364d80845a5,Inge Pareja,Inge Pareja,Background Character,,Interstellar Tourism Guide,None,Unknown,Unknown,Unknown,Unknown,Unknown,true,false,3042-02-01,3042-02-01,75 C-Bill,High School,not_applicable,None,Unknown,Unknown,Unknown,Unknown,Unknown,Unknown,Unknown,Unknown,0,0,false,,,Language/Any L1/FV7; Protocols/Any L1/FV7; Running L1/FV6,,,,,Background character has a non-dependent role; review for whether this should become an assigned job.
background_role_review,medium,low,no warrior-candidate signal in compact summaries,f196b0a3-2c38-4003-abbb-80a01ccf4663,Dan Gheorghe,Dan Gheorghe,Background Character,,Professional,None,Unknown,Unknown,Unknown,Unknown,Unknown,true,false,3042-04-01,3042-04-01,200 C-Bill,Post-Graduate,not_applicable,None,Unknown,Unknown,Unknown,Unknown,Unknown,Unknown,Unknown,Unknown,0,0,false,,,Acrobatics L1/FV5; Career/Any L3/FV4; Communications/Any L2/FV5,,,,,Background character has a non-dependent role; review for whether this should become an assigned job.
background_role_review,medium,low,no warrior-candidate signal in compact summaries,4f5c009c-f358-4cc4-afd0-852065bef45e,Ianos Bartos-Elliot,Ianos Bartos-Elliot,Background Character,,Professional,None,Unknown,Unknown,Unknown,Unknown,Unknown,true,false,3042-05-01,3042-05-01,125 C-Bill,High School,not_applicable,None,Unknown,Unknown,Unknown,Unknown,Unknown,Unknown,Unknown,Unknown,0,0,false,,,Career/Any L2/FV5; Disguise L1/FV6; Science/Other L1/FV8,,,,,Background character has a non-dependent role; review for whether this should become an assigned job.
background_role_review,medium,low,no warrior-candidate signal in compact summaries,6d33fa75-d352-43a3-af51-3c0102b38b5c,Mohsin Sree,Mohsin Sree,Background Character,,Professional,None,Unknown,Unknown,Unknown,Unknown,Unknown,true,false,3042-08-07,3042-08-07,75 C-Bill,High School,not_applicable,None,Unknown,Unknown,Unknown,Unknown,Unknown,Unknown,Unknown,Unknown,0,0,false,,,Career/Any L1/FV6; Interest/History L1/FV8,,,,,Background character has a non-dependent role; review for whether this should become an assigned job.
background_role_review,medium,low,no warrior-candidate signal in compact summaries,e18979b8-4ba8-434d-b0cf-5b40d74cccb7,Dae-sung Oola,Dae-sung Oola,Background Character,,Claims Arbitrator,None,Unknown,Unknown,Unknown,Unknown,Unknown,true,false,3042-08-24,3042-08-24,200 C-Bill,College,not_applicable,None,Unknown,Unknown,Unknown,Unknown,Unknown,Unknown,Unknown,Unknown,0,0,false,,,Acrobatics L1/FV6; Animal Handling L1/FV7; Appraisal L4/FV4; Art/Other L2/FV7; Interest/Law L4/FV5; Protocols/Any L1/FV6; Swimming L0/FV7,,Mutation - Exotic Yet Pleasing Appearance (ATOW:Companion),,,Background character has a non-dependent role; review for whether this should become an assigned job.
background_role_review,medium,low,no warrior-candidate signal in compact summaries,4e91e83a-e5d2-4367-a88d-b60f8eb8919d,Tahiyya Jafar,Tahiyya Jafar,Background Character,,Professional,None,Unknown,Unknown,Unknown,Unknown,Unknown,true,false,3042-08-24,3042-08-24,125 C-Bill,College,not_applicable,None,Unknown,Unknown,Unknown,Unknown,Unknown,Unknown,Unknown,Unknown,0,0,false,,,Acrobatics L1/FV7; Career/Any L2/FV5; Computers L1/FV8; Survival/Any L1/FV8,,,,,Background character has a non-dependent role; review for whether this should become an assigned job.
background_role_review,medium,low,no warrior-candidate signal in compact summaries,952e040c-f2d3-48c8-9cda-0f7415d5cb38,Rita Kupi,Rita Kupi,Background Character,,Professional,None,Unknown,Unknown,Unknown,Unknown,Unknown,true,false,3043-05-01,3043-05-01,200 C-Bill,Post-Graduate,not_applicable,None,Unknown,Unknown,Unknown,Unknown,Unknown,Unknown,Unknown,Unknown,0,0,false,,,Career/Any L3/FV4; Computers L1/FV8; Cryptography L1/FV8; Running L1/FV6; Science/Chemistry L1/FV8,,,,,Background character has a non-dependent role; review for whether this should become an assigned job.
background_role_review,medium,low,no warrior-candidate signal in compact summaries,fa328573-018f-4ead-b090-ada05a81a832,Tertiy Mndoyants,Tertiy Mndoyants,Background Character,,Professional,None,Unknown,Unknown,Unknown,Unknown,Unknown,true,false,3043-06-01,3043-06-01,200 C-Bill,College,not_applicable,None,Unknown,Unknown,Unknown,Unknown,Unknown,Unknown,Unknown,Unknown,0,0,false,,,Career/Any L4/FV4; Computers L1/FV9; Interrogation L1/FV8; Investigation L1/FV9; Protocols/Any L1/FV7; Science/Chemistry L1/FV9,,,,,Background character has a non-dependent role; review for whether this should become an assigned job.
background_role_review,medium,low,no warrior-candidate signal in compact summaries,a592d4ff-df68-4e74-a45d-489805ca4efb,Rozalia Marszolkiewicz,Rozalia Marszolkiewicz,Background Character,,Professional,None,Unknown,Unknown,Unknown,Unknown,Unknown,true,false,3043-10-11,3043-10-11,125 C-Bill,High School,not_applicable,None,Unknown,Unknown,Unknown,Unknown,Unknown,Unknown,Unknown,Unknown,0,0,false,,,Career/Any L2/FV5; Interest/Holo-Cinema L1/FV8; Science/Biology L1/FV8; Security Systems/Mechanical L1/FV8; Support Weapons L3/FV4,,,,,Background character has a non-dependent role; review for whether this should become an assigned job.
dependent_on_payroll_review,medium,low,no warrior-candidate signal in compact summaries,b244dae0-eaf8-41d2-9ef1-6cb12b8dd72f,Andreia MacDonald,Andreia MacDonald,Background Character,,Dependent,None,Unknown,Unknown,Unknown,Unknown,Unknown,true,false,3025-01-01,Unknown,25 C-Bill,High School,not_applicable,None,Unknown,Unknown,Unknown,Unknown,Unknown,Unknown,Unknown,Unknown,0,0,false,,,Security Systems/Mechanical L1/FV8,,,,,Dependent remains in the live personnel export; review scholarship/enrollment status manually.
dependent_on_payroll_review,medium,low,no warrior-candidate signal in compact summaries,edd1a6b6-5563-4d19-b5d5-53388c23ba40,Danel Hölderlin,Danel Hölderlin,Background Character,,Dependent,None,Unknown,Unknown,Unknown,Unknown,Unknown,true,false,3025-01-01,Unknown,25 C-Bill,College,not_applicable,None,Unknown,Unknown,Unknown,Unknown,Unknown,Unknown,Unknown,Unknown,0,0,false,,,Art/Writing L0/FV9; Communications/Any L1/FV6; Running L1/FV6; Sleight of Hand/Any L0/FV8,,,,,Dependent remains in the live personnel export; review scholarship/enrollment status manually.
dependent_on_payroll_review,medium,low,no warrior-candidate signal in compact summaries,24cebdb6-23a5-4fb7-8b1d-dad7f67e6cb1,Soini Endo,Soini Endo,Camp Follower,,Dependent,None,Unknown,Unknown,Unknown,Unknown,Unknown,false,false,3025-01-01,Unknown,0 C-Bill,High School,not_applicable,None,Unknown,Unknown,Unknown,Unknown,Unknown,Unknown,Unknown,Unknown,0,0,false,,,Survival/Any L0/FV9,,,,,Dependent remains in the live personnel export; review scholarship/enrollment status manually.
dependent_on_payroll_review,medium,low,no warrior-candidate signal in compact summaries,69273e36-3318-4ba8-ae02-8e7e6073b50d,Georgs Jacopino,Georgs Jacopino,Camp Follower,,Dependent,None,Unknown,Unknown,Unknown,Unknown,Unknown,false,false,3025-08-21,Unknown,0 C-Bill,College,not_applicable,None,Unknown,Unknown,Unknown,Unknown,Unknown,Unknown,Unknown,Unknown,0,0,false,,,Acrobatics L1/FV6; Animal Handling L1/FV6; Career/Any L1/FV6; Protocols/Any L0/FV7; Running L2/FV5; Survival/Any L1/FV8; Swimming L2/FV5,,,,,Dependent remains in the live personnel export; review scholarship/enrollment status manually.
dependent_on_payroll_review,medium,low,no warrior-candidate signal in compact summaries,435e40d2-f740-4e2b-a9a5-86e888c9d0c7,Eylem Ru,Eylem Ru,Camp Follower,,Dependent,None,Unknown,Unknown,Unknown,Unknown,Unknown,false,false,3026-08-28,Unknown,0 C-Bill,Early Childhood,not_applicable,None,Unknown,Unknown,Unknown,Unknown,Unknown,Unknown,Unknown,Unknown,0,0,false,,,Animal Handling L1/FV7; Computers L1/FV8; Cryptography L1/FV8; Protocols/Any L1/FV7; Survival/Any L0/FV9,,Mutation - Exceptional Immune System (ATOW:Companion),,,Dependent remains in the live personnel export; review scholarship/enrollment status manually.
dependent_on_payroll_review,medium,low,no warrior-candidate signal in compact summaries,2e4224da-25b9-45ff-9354-bca5979998f0,Kenny Ru,Kenny Ru,Camp Follower,,Dependent,None,Unknown,Unknown,Unknown,Unknown,Unknown,false,false,3028-03-31,Unknown,0 C-Bill,Early Childhood,not_applicable,None,Unknown,Unknown,Unknown,Unknown,Unknown,Unknown,Unknown,Unknown,0,0,false,,,,,,,,Dependent remains in the live personnel export; review scholarship/enrollment status manually.
dependent_on_payroll_review,medium,low,no warrior-candidate signal in compact summaries,d20e21b7-72b8-4c9e-ab5e-e11e2e65579d,Gara Chiwocha,Gara Chiwocha,Camp Follower,,Dependent,None,Unknown,Unknown,Unknown,Unknown,Unknown,false,false,3028-06-16,Unknown,0 C-Bill,Early Childhood,not_applicable,None,Unknown,Unknown,Unknown,Unknown,Unknown,Unknown,Unknown,Unknown,0,0,false,,,,,,,,Dependent remains in the live personnel export; review scholarship/enrollment status manually.
dependent_on_payroll_review,medium,low,no warrior-candidate signal in compact summaries,ec5da473-ec85-44bf-851a-b1208a424571,Jaypearl Ru,Jaypearl Ru,Camp Follower,,Dependent,None,Unknown,Unknown,Unknown,Unknown,Unknown,false,false,3029-07-06,Unknown,0 C-Bill,Early Childhood,not_applicable,None,Unknown,Unknown,Unknown,Unknown,Unknown,Unknown,Unknown,Unknown,0,0,false,,,,,,,,Dependent remains in the live personnel export; review scholarship/enrollment status manually.
dependent_on_payroll_review,medium,low,no warrior-candidate signal in compact summaries,386ba0b4-7b73-4e19-8208-1bca14884d5d,Lola Siliqi,Lola Siliqi,Camp Follower,,Dependent,None,Unknown,Unknown,Unknown,Unknown,Unknown,false,false,3029-09-14,Unknown,0 C-Bill,Early Childhood,not_applicable,None,Unknown,Unknown,Unknown,Unknown,Unknown,Unknown,Unknown,Unknown,0,0,false,,,,,,,,Dependent remains in the live personnel export; review scholarship/enrollment status manually.
dependent_on_payroll_review,medium,low,no warrior-candidate signal in compact summaries,b50e368b-c435-4aa9-a331-57c155426f50,Lokman Mira,Lokman Mira,Camp Follower,,Dependent,None,Unknown,Unknown,Unknown,Unknown,Unknown,false,false,3030-04-05,Unknown,0 C-Bill,Early Childhood,not_applicable,None,Unknown,Unknown,Unknown,Unknown,Unknown,Unknown,Unknown,Unknown,0,0,false,,,,,,,,Dependent remains in the live personnel export; review scholarship/enrollment status manually.
dependent_on_payroll_review,medium,low,no warrior-candidate signal in compact summaries,d1cac3ec-b70d-4090-8b85-b2b39dd13c37,Kusumanjali Javison,Kusumanjali Javison,Camp Follower,,Dependent,None,Unknown,Unknown,Unknown,Unknown,Unknown,false,false,3030-05-01,Unknown,0 C-Bill,Early Childhood,not_applicable,None,Unknown,Unknown,Unknown,Unknown,Unknown,Unknown,Unknown,Unknown,0,0,false,,,,,,,,Dependent remains in the live personnel export; review scholarship/enrollment status manually.
dependent_on_payroll_review,medium,low,no warrior-candidate signal in compact summaries,63fb59a3-b306-487d-b7a9-2c36f2164803,Raafida Javison,Raafida Javison,Camp Follower,,Dependent,None,Unknown,Unknown,Unknown,Unknown,Unknown,false,false,3030-05-01,Unknown,0 C-Bill,Early Childhood,not_applicable,None,Unknown,Unknown,Unknown,Unknown,Unknown,Unknown,Unknown,Unknown,0,0,false,,,,,,,,Dependent remains in the live personnel export; review scholarship/enrollment status manually.
dependent_on_payroll_review,medium,low,no warrior-candidate signal in compact summaries,c35fa1b6-5af7-4fa7-9339-177efdcc2f80,Uwe Holzknecht,Uwe Holzknecht,Camp Follower,,Dependent,None,Unknown,Unknown,Unknown,Unknown,Unknown,false,false,3030-06-01,Unknown,0 C-Bill,Early Childhood,not_applicable,None,Unknown,Unknown,Unknown,Unknown,Unknown,Unknown,Unknown,Unknown,0,0,false,,,,,,,,Dependent remains in the live personnel export; review scholarship/enrollment status manually.
dependent_on_payroll_review,medium,low,no warrior-candidate signal in compact summaries,99d01845-a2fd-451b-88c4-60576b2b5896,Hiang-ta Álvarez,Hiang-ta Álvarez,Camp Follower,,Dependent,None,Unknown,Unknown,Unknown,Unknown,Unknown,false,false,3031-12-05,Unknown,0 C-Bill,Early Childhood,not_applicable,None,Unknown,Unknown,Unknown,Unknown,Unknown,Unknown,Unknown,Unknown,0,0,false,,,,,,,,Dependent remains in the live personnel export; review scholarship/enrollment status manually.
dependent_on_payroll_review,medium,low,no warrior-candidate signal in compact summaries,dbd9fac6-3c23-4a74-ba4c-8600621ea1a9,Rajkumar Chiwocha,Rajkumar Chiwocha,Camp Follower,,Dependent,None,Unknown,Unknown,Unknown,Unknown,Unknown,false,false,3032-02-13,Unknown,0 C-Bill,Early Childhood,not_applicable,None,Unknown,Unknown,Unknown,Unknown,Unknown,Unknown,Unknown,Unknown,0,0,false,,,,,,,,Dependent remains in the live personnel export; review scholarship/enrollment status manually.
dependent_on_payroll_review,medium,low,no warrior-candidate signal in compact summaries,71dc48c9-473c-4936-8685-82e6cd9a79ee,Sigmund Schreiber,Sigmund Schreiber,Camp Follower,,Dependent,None,Unknown,Unknown,Unknown,Unknown,Unknown,false,false,3032-03-19,Unknown,0 C-Bill,Early Childhood,not_applicable,None,Unknown,Unknown,Unknown,Unknown,Unknown,Unknown,Unknown,Unknown,0,0,false,,,,,,,,Dependent remains in the live personnel export; review scholarship/enrollment status manually.
dependent_on_payroll_review,medium,low,no warrior-candidate signal in compact summaries,c88688c3-9024-4c5d-be0a-a9e4bfe77b1f,Uryaghel González,Uryaghel González,Camp Follower,,Dependent,None,Unknown,Unknown,Unknown,Unknown,Unknown,false,false,3032-05-14,Unknown,0 C-Bill,Early Childhood,not_applicable,None,Unknown,Unknown,Unknown,Unknown,Unknown,Unknown,Unknown,Unknown,0,0,false,,,,,,,,Dependent remains in the live personnel export; review scholarship/enrollment status manually.
dependent_on_payroll_review,medium,low,no warrior-candidate signal in compact summaries,6fe9ccf7-02b0-49cf-955b-e05282362c72,Dimitri Holle,Dimitri Holle,Camp Follower,,Dependent,None,Unknown,Unknown,Unknown,Unknown,Unknown,false,false,3032-06-01,Unknown,0 C-Bill,Early Childhood,not_applicable,None,Unknown,Unknown,Unknown,Unknown,Unknown,Unknown,Unknown,Unknown,0,0,false,,,,,,,,Dependent remains in the live personnel export; review scholarship/enrollment status manually.
dependent_on_payroll_review,medium,low,no warrior-candidate signal in compact summaries,1c9bbe03-dbab-4573-bb11-5fdcee5baab4,Vincenc Go,Vincenc Go,Camp Follower,,Dependent,None,Unknown,Unknown,Unknown,Unknown,Unknown,false,false,3032-06-18,Unknown,0 C-Bill,Early Childhood,not_applicable,None,Unknown,Unknown,Unknown,Unknown,Unknown,Unknown,Unknown,Unknown,0,0,false,,,,,,,,Dependent remains in the live personnel export; review scholarship/enrollment status manually.
dependent_on_payroll_review,medium,low,no warrior-candidate signal in compact summaries,4907d373-8571-4469-9969-91e2f7c2f6ef,Yadira Nguyen-Tan,Yadira Nguyen-Tan,Camp Follower,,Dependent,None,Unknown,Unknown,Unknown,Unknown,Unknown,false,false,3032-06-25,Unknown,0 C-Bill,Early Childhood,not_applicable,None,Unknown,Unknown,Unknown,Unknown,Unknown,Unknown,Unknown,Unknown,0,0,false,,,,,,,,Dependent remains in the live personnel export; review scholarship/enrollment status manually.
dependent_on_payroll_review,medium,low,no warrior-candidate signal in compact summaries,83310ca3-c357-4165-9653-630e0b622e5c,Cecille Abidi,Cecille Abidi,Camp Follower,,Dependent,None,Unknown,Unknown,Unknown,Unknown,Unknown,false,false,3032-07-01,Unknown,0 C-Bill,Early Childhood,not_applicable,None,Unknown,Unknown,Unknown,Unknown,Unknown,Unknown,Unknown,Unknown,0,0,false,,,,,,,,Dependent remains in the live personnel export; review scholarship/enrollment status manually.
dependent_on_payroll_review,medium,low,no warrior-candidate signal in compact summaries,e5c0de48-5f0c-4454-8825-682f8026344d,Chika Castillo,Chika Castillo,Background Character,,Dependent,None,Unknown,Unknown,Unknown,Unknown,Unknown,true,false,3032-07-01,Unknown,25 C-Bill,Early Childhood,not_applicable,None,Unknown,Unknown,Unknown,Unknown,Unknown,Unknown,Unknown,Unknown,0,0,false,,,,,,,,Dependent remains in the live personnel export; review scholarship/enrollment status manually.
dependent_on_payroll_review,medium,low,no warrior-candidate signal in compact summaries,b96c686f-220d-4ab8-bae4-a8387fcc0033,John Castillo,John Castillo,Camp Follower,,Dependent,None,Unknown,Unknown,Unknown,Unknown,Unknown,false,false,3032-07-01,Unknown,0 C-Bill,Early Childhood,not_applicable,None,Unknown,Unknown,Unknown,Unknown,Unknown,Unknown,Unknown,Unknown,0,0,false,,,Investigation L1/FV8; Science/Other L1/FV8,,Eagle's Eyes (CamOps),,,Dependent remains in the live personnel export; review scholarship/enrollment status manually.
dependent_on_payroll_review,medium,low,no warrior-candidate signal in compact summaries,e580b28e-5afe-4e0b-9b39-bac7ab3e36ba,Maurine Castillo,Maurine Castillo,Background Character,,Dependent,None,Unknown,Unknown,Unknown,Unknown,Unknown,true,false,3032-07-01,Unknown,25 C-Bill,Early Childhood,not_applicable,None,Unknown,Unknown,Unknown,Unknown,Unknown,Unknown,Unknown,Unknown,0,0,false,,,,,,,,Dependent remains in the live personnel export; review scholarship/enrollment status manually.
dependent_on_payroll_review,medium,low,no warrior-candidate signal in compact summaries,df6156e4-7405-40bf-881c-054eef731dfa,Phil Harmon,Phil Harmon,Camp Follower,,Dependent,None,Unknown,Unknown,Unknown,Unknown,Unknown,false,false,3032-07-01,Unknown,0 C-Bill,College,not_applicable,None,Unknown,Unknown,Unknown,Unknown,Unknown,Unknown,Unknown,Unknown,0,0,false,,,Acrobatics L1/FV6; Career/Any L2/FV5; Swimming L1/FV6,,,,,Dependent remains in the live personnel export; review scholarship/enrollment status manually.
dependent_on_payroll_review,medium,low,no warrior-candidate signal in compact summaries,a29d2ea1-173a-4f20-9787-9c8916e2adc8,Branislav Maitani,Branislav Maitani,Camp Follower,,Dependent,None,Unknown,Unknown,Unknown,Unknown,Unknown,false,false,3032-07-09,Unknown,0 C-Bill,Early Childhood,not_applicable,None,Unknown,Unknown,Unknown,Unknown,Unknown,Unknown,Unknown,Unknown,0,0,false,,,,,,,,Dependent remains in the live personnel export; review scholarship/enrollment status manually.
dependent_on_payroll_review,medium,low,no warrior-candidate signal in compact summaries,18501984-0b96-43d5-a74a-ccfe41411db1,Donna Holle,Donna Holle,Camp Follower,,Dependent,None,Unknown,Unknown,Unknown,Unknown,Unknown,false,false,3032-08-20,Unknown,0 C-Bill,Early Childhood,not_applicable,None,Unknown,Unknown,Unknown,Unknown,Unknown,Unknown,Unknown,Unknown,0,0,false,,,,,,,,Dependent remains in the live personnel export; review scholarship/enrollment status manually.
dependent_on_payroll_review,medium,low,no warrior-candidate signal in compact summaries,0bf17534-2a72-4a22-9142-203834010541,Éric Rylands,Éric Rylands,Background Character,,Dependent,None,Unknown,Unknown,Unknown,Unknown,Unknown,true,false,3032-10-18,Unknown,25 C-Bill,Early Childhood,not_applicable,None,Unknown,Unknown,Unknown,Unknown,Unknown,Unknown,Unknown,Unknown,0,0,false,,,,,,,,Dependent remains in the live personnel export; review scholarship/enrollment status manually.
dependent_on_payroll_review,medium,low,no warrior-candidate signal in compact summaries,e3b1680f-8a6f-43e2-834f-2a959e154c81,Cecília Chiwocha,Cecília Chiwocha,Camp Follower,,Dependent,None,Unknown,Unknown,Unknown,Unknown,Unknown,false,false,3033-02-04,Unknown,0 C-Bill,Early Childhood,not_applicable,None,Unknown,Unknown,Unknown,Unknown,Unknown,Unknown,Unknown,Unknown,0,0,false,,,,,,,,Dependent remains in the live personnel export; review scholarship/enrollment status manually.
dependent_on_payroll_review,medium,low,no warrior-candidate signal in compact summaries,167ce194-a494-4de0-ab1e-f6603fe1404c,Amberlan Fumu,Amberlan Fumu,Camp Follower,,Dependent,None,Unknown,Unknown,Unknown,Unknown,Unknown,false,false,3033-04-23,Unknown,0 C-Bill,Early Childhood,not_applicable,None,Unknown,Unknown,Unknown,Unknown,Unknown,Unknown,Unknown,Unknown,0,0,false,,,,,,,,Dependent remains in the live personnel export; review scholarship/enrollment status manually.
dependent_on_payroll_review,medium,low,no warrior-candidate signal in compact summaries,2796440a-40b7-4319-a190-7221612c7638,Liese Qamar,Liese Qamar,Camp Follower,,Dependent,None,Unknown,Unknown,Unknown,Unknown,Unknown,false,false,3033-07-01,Unknown,0 C-Bill,Early Childhood,not_applicable,None,Unknown,Unknown,Unknown,Unknown,Unknown,Unknown,Unknown,Unknown,0,0,false,,,Acrobatics L1/FV6; Animal Handling L1/FV7; Cryptography L1/FV8; Interrogation L0/FV9; Investigation L2/FV7; Swimming L1/FV6,,Shaky Stick (CamOps),,,Dependent remains in the live personnel export; review scholarship/enrollment status manually.
dependent_on_payroll_review,medium,low,no warrior-candidate signal in compact summaries,188acd04-c189-4d0c-83d8-7d1eaa698801,In-sik Cannavo,In-sik Cannavo,Camp Follower,,Dependent,None,Unknown,Unknown,Unknown,Unknown,Unknown,false,false,3033-07-29,Unknown,0 C-Bill,Early Childhood,not_applicable,None,Unknown,Unknown,Unknown,Unknown,Unknown,Unknown,Unknown,Unknown,0,0,false,,,,,,,,Dependent remains in the live personnel export; review scholarship/enrollment status manually.
dependent_on_payroll_review,medium,low,no warrior-candidate signal in compact summaries,6233d43d-b2ea-48af-9a9d-bdea7dded60c,Craig Welson,Craig Welson,Camp Follower,,Dependent,None,Unknown,Unknown,Unknown,Unknown,Unknown,false,false,3033-09-23,Unknown,0 C-Bill,Early Childhood,not_applicable,None,Unknown,Unknown,Unknown,Unknown,Unknown,Unknown,Unknown,Unknown,0,0,false,,,,,,,,Dependent remains in the live personnel export; review scholarship/enrollment status manually.
dependent_on_payroll_review,medium,low,no warrior-candidate signal in compact summaries,cf53b3c5-e98e-49fc-b79e-521942d87caa,Zina Tuteja,Zina Tuteja,Camp Follower,,Dependent,None,Unknown,Unknown,Unknown,Unknown,Unknown,false,false,3033-10-04,Unknown,0 C-Bill,Early Childhood,not_applicable,None,Unknown,Unknown,Unknown,Unknown,Unknown,Unknown,Unknown,Unknown,0,0,false,,,,,,,,Dependent remains in the live personnel export; review scholarship/enrollment status manually.
dependent_on_payroll_review,medium,low,no warrior-candidate signal in compact summaries,967a2fc3-1bab-4931-b018-c5fdea3de052,Maryl Lung,Maryl Lung,Camp Follower,,Dependent,None,Unknown,Unknown,Unknown,Unknown,Unknown,false,false,3033-12-09,Unknown,0 C-Bill,College,not_applicable,None,Unknown,Unknown,Unknown,Unknown,Unknown,Unknown,Unknown,Unknown,0,0,false,,,Cryptography L0/FV8; Interrogation L1/FV7; Investigation L1/FV7; Survival/Any L2/FV6,,,,,Dependent remains in the live personnel export; review scholarship/enrollment status manually.
dependent_on_payroll_review,medium,low,no warrior-candidate signal in compact summaries,95810b68-3b10-46a7-9dfb-5eaed5ccd5f7,Gregg Jacopino,Gregg Jacopino,Camp Follower,,Dependent,None,Unknown,Unknown,Unknown,Unknown,Unknown,false,false,3034-06-16,Unknown,0 C-Bill,Early Childhood,not_applicable,None,Unknown,Unknown,Unknown,Unknown,Unknown,Unknown,Unknown,Unknown,0,0,false,,,,,,,,Dependent remains in the live personnel export; review scholarship/enrollment status manually.
dependent_on_payroll_review,medium,low,no warrior-candidate signal in compact summaries,75dd4765-5dff-41b7-929a-77cdc3e77001,Mandirali Nguyen-Tan,Mandirali Nguyen-Tan,Camp Follower,,Dependent,None,Unknown,Unknown,Unknown,Unknown,Unknown,false,false,3034-07-07,Unknown,0 C-Bill,Early Childhood,not_applicable,None,Unknown,Unknown,Unknown,Unknown,Unknown,Unknown,Unknown,Unknown,0,0,false,,,,,,,,Dependent remains in the live personnel export; review scholarship/enrollment status manually.
dependent_on_payroll_review,medium,low,no warrior-candidate signal in compact summaries,93b009b1-3afe-4256-b8d9-3fdb607a8e98,Wanda Kilila,Wanda Kilila,Camp Follower,,Dependent,None,Unknown,Unknown,Unknown,Unknown,Unknown,false,false,3034-07-21,Unknown,0 C-Bill,Early Childhood,not_applicable,None,Unknown,Unknown,Unknown,Unknown,Unknown,Unknown,Unknown,Unknown,0,0,false,,,,,,,,Dependent remains in the live personnel export; review scholarship/enrollment status manually.
dependent_on_payroll_review,medium,low,no warrior-candidate signal in compact summaries,1bb4cf96-d94d-4c52-b4bc-f92c3533a539,Alfie Toledo,Alfie Toledo,Background Character,,Dependent,None,Unknown,Unknown,Unknown,Unknown,Unknown,true,false,3034-09-10,Unknown,25 C-Bill,Early Childhood,not_applicable,None,Unknown,Unknown,Unknown,Unknown,Unknown,Unknown,Unknown,Unknown,0,0,false,,,,,,,,Dependent remains in the live personnel export; review scholarship/enrollment status manually.
dependent_on_payroll_review,medium,low,no warrior-candidate signal in compact summaries,3524b764-e801-4a5a-a84d-9fc8deddc196,Arrosa Foxton,Arrosa Foxton,Camp Follower,,Dependent,None,Unknown,Unknown,Unknown,Unknown,Unknown,false,false,3034-09-10,Unknown,0 C-Bill,Early Childhood,not_applicable,None,Unknown,Unknown,Unknown,Unknown,Unknown,Unknown,Unknown,Unknown,0,0,false,,,Animal Handling L1/FV7; Interrogation L2/FV7; Language/Any L1/FV7; Running L2/FV5; Survival/Any L1/FV8,,Significant Compulsion - Hates Mercenaries (ATOW),,,Dependent remains in the live personnel export; review scholarship/enrollment status manually.
dependent_on_payroll_review,medium,low,no warrior-candidate signal in compact summaries,c6300da4-cc9e-4f8b-b304-f3e1a9d6f6d2,Dutch Toledo,Dutch Toledo,Background Character,,Dependent,None,Unknown,Unknown,Unknown,Unknown,Unknown,true,false,3034-09-10,Unknown,25 C-Bill,High School,not_applicable,None,Unknown,Unknown,Unknown,Unknown,Unknown,Unknown,Unknown,Unknown,0,0,false,,,,,,,,Dependent remains in the live personnel export; review scholarship/enrollment status manually.
dependent_on_payroll_review,medium,low,no warrior-candidate signal in compact summaries,30aadfac-e002-49a8-83f0-9a1aa501632d,Ellina Zuri,Ellina Zuri,Camp Follower,,Dependent,None,Unknown,Unknown,Unknown,Unknown,Unknown,false,false,3034-09-10,Unknown,0 C-Bill,Early Childhood,not_applicable,None,Unknown,Unknown,Unknown,Unknown,Unknown,Unknown,Unknown,Unknown,0,0,false,,,,,,,,Dependent remains in the live personnel export; review scholarship/enrollment status manually.
dependent_on_payroll_review,medium,low,no warrior-candidate signal in compact summaries,9a254dbd-2e6f-44ed-9441-bfc553fe5a4c,Shyla Toledo,Shyla Toledo,Background Character,,Dependent,None,Unknown,Unknown,Unknown,Unknown,Unknown,true,false,3034-09-10,Unknown,25 C-Bill,Early Childhood,not_applicable,None,Unknown,Unknown,Unknown,Unknown,Unknown,Unknown,Unknown,Unknown,0,0,false,,,,,,,,Dependent remains in the live personnel export; review scholarship/enrollment status manually.
dependent_on_payroll_review,medium,low,no warrior-candidate signal in compact summaries,739edf54-9889-4502-8c28-3cea5034706e,Bernard Rongved,Bernard Rongved,Camp Follower,,Dependent,None,Unknown,Unknown,Unknown,Unknown,Unknown,false,false,3034-12-27,Unknown,0 C-Bill,Early Childhood,not_applicable,None,Unknown,Unknown,Unknown,Unknown,Unknown,Unknown,Unknown,Unknown,0,0,false,,,,,,,,Dependent remains in the live personnel export; review scholarship/enrollment status manually.
dependent_on_payroll_review,medium,low,no warrior-candidate signal in compact summaries,a1ae74c2-140e-4e68-8946-4e3c3a5f6c93,Mitush Jensen-Haward,Mitush Jensen-Haward,Camp Follower,,Dependent,None,Unknown,Unknown,Unknown,Unknown,Unknown,false,false,3034-12-27,Unknown,0 C-Bill,Early Childhood,not_applicable,None,Unknown,Unknown,Unknown,Unknown,Unknown,Unknown,Unknown,Unknown,0,0,false,,,,,,,,Dependent remains in the live personnel export; review scholarship/enrollment status manually.
dependent_on_payroll_review,medium,low,no warrior-candidate signal in compact summaries,aa93658c-5c68-4286-bd63-19df6a3c86cb,Lai-Yee Patsatzis,Lai-Yee Patsatzis,Camp Follower,,Dependent,None,Unknown,Unknown,Unknown,Unknown,Unknown,false,false,3035-02-22,Unknown,0 C-Bill,Early Childhood,not_applicable,None,Unknown,Unknown,Unknown,Unknown,Unknown,Unknown,Unknown,Unknown,0,0,false,,,,,,,,Dependent remains in the live personnel export; review scholarship/enrollment status manually.
dependent_on_payroll_review,medium,low,no warrior-candidate signal in compact summaries,1ea7bb69-52c7-4079-89a7-82b9e2eeedb5,Hedviga Langbråten,Hedviga Langbråten,Background Character,,Dependent,None,Unknown,Unknown,Unknown,Unknown,Unknown,true,false,3035-02-24,Unknown,25 C-Bill,High School,not_applicable,None,Unknown,Unknown,Unknown,Unknown,Unknown,Unknown,Unknown,Unknown,0,0,false,,,Animal Handling L2/FV6; Language/Any L1/FV7,,,,,Dependent remains in the live personnel export; review scholarship/enrollment status manually.
dependent_on_payroll_review,medium,low,no warrior-candidate signal in compact summaries,46e9b16d-0f18-4752-9443-7eb5aa9422d5,Arvid Laman,Arvid Laman,Background Character,,Dependent,None,Unknown,Unknown,Unknown,Unknown,Unknown,true,false,3035-03-01,Unknown,25 C-Bill,High School,not_applicable,None,Unknown,Unknown,Unknown,Unknown,Unknown,Unknown,Unknown,Unknown,0,0,false,,,Acrobatics L2/FV5; Computers L1/FV8; Forgery L1/FV7,,,,,Dependent remains in the live personnel export; review scholarship/enrollment status manually.
dependent_on_payroll_review,medium,low,no warrior-candidate signal in compact summaries,dea0ff24-d0bb-4640-860a-196261857f35,Britney bin Fahd,Britney bin Fahd,Camp Follower,,Dependent,None,Unknown,Unknown,Unknown,Unknown,Unknown,false,false,3035-03-01,Unknown,0 C-Bill,Early Childhood,not_applicable,None,Unknown,Unknown,Unknown,Unknown,Unknown,Unknown,Unknown,Unknown,0,0,false,,,,,,,,Dependent remains in the live personnel export; review scholarship/enrollment status manually.
dependent_on_payroll_review,medium,low,no warrior-candidate signal in compact summaries,8c330bd9-bb56-405f-aeaa-31bd31534bf6,Jai-guo Mostovsky,Jai-guo Mostovsky,Camp Follower,,Dependent,None,Unknown,Unknown,Unknown,Unknown,Unknown,false,false,3035-03-01,Unknown,0 C-Bill,Early Childhood,not_applicable,None,Unknown,Unknown,Unknown,Unknown,Unknown,Unknown,Unknown,Unknown,0,0,false,,,,,,,,Dependent remains in the live personnel export; review scholarship/enrollment status manually.
dependent_on_payroll_review,medium,low,no warrior-candidate signal in compact summaries,281142d4-d6b4-4683-b94b-ee03fbda7f77,Skena Johanson,Skena Johanson,Camp Follower,,Dependent,None,Unknown,Unknown,Unknown,Unknown,Unknown,false,false,3035-03-23,Unknown,0 C-Bill,Early Childhood,not_applicable,None,Unknown,Unknown,Unknown,Unknown,Unknown,Unknown,Unknown,Unknown,0,0,false,,,,,,,,Dependent remains in the live personnel export; review scholarship/enrollment status manually.
dependent_on_payroll_review,medium,low,no warrior-candidate signal in compact summaries,db0f9d6d-ae6f-4466-b00b-c24395a4e771,Toshiharu Pane,Toshiharu Pane,Camp Follower,,Dependent,None,Unknown,Unknown,Unknown,Unknown,Unknown,false,false,3035-04-01,Unknown,0 C-Bill,Early Childhood,not_applicable,None,Unknown,Unknown,Unknown,Unknown,Unknown,Unknown,Unknown,Unknown,0,0,false,,,,,,,,Dependent remains in the live personnel export; review scholarship/enrollment status manually.
dependent_on_payroll_review,medium,low,no warrior-candidate signal in compact summaries,d09e7513-dac3-49d6-95b6-de1e87bcecc9,Khurshid Kelley,Khurshid Kelley,Camp Follower,,Dependent,None,Unknown,Unknown,Unknown,Unknown,Unknown,false,false,3035-04-02,Unknown,0 C-Bill,Early Childhood,not_applicable,None,Unknown,Unknown,Unknown,Unknown,Unknown,Unknown,Unknown,Unknown,0,0,false,,,,,,,,Dependent remains in the live personnel export; review scholarship/enrollment status manually.
dependent_on_payroll_review,medium,low,no warrior-candidate signal in compact summaries,f19fd58c-3d93-4f68-b71f-04afc28396bf,Monica Kelley,Monica Kelley,Camp Follower,,Dependent,None,Unknown,Unknown,Unknown,Unknown,Unknown,false,false,3035-04-02,Unknown,0 C-Bill,Early Childhood,not_applicable,None,Unknown,Unknown,Unknown,Unknown,Unknown,Unknown,Unknown,Unknown,0,0,false,,,,,,,,Dependent remains in the live personnel export; review scholarship/enrollment status manually.
dependent_on_payroll_review,medium,low,no warrior-candidate signal in compact summaries,6e3dca88-2f3d-4904-a484-2e2669f9c930,Chad Fumu,Chad Fumu,Camp Follower,,Dependent,None,Unknown,Unknown,Unknown,Unknown,Unknown,false,false,3035-05-18,Unknown,0 C-Bill,Early Childhood,not_applicable,None,Unknown,Unknown,Unknown,Unknown,Unknown,Unknown,Unknown,Unknown,0,0,false,,,,,,,,Dependent remains in the live personnel export; review scholarship/enrollment status manually.
dependent_on_payroll_review,medium,low,no warrior-candidate signal in compact summaries,b0f1d512-d00e-4b1f-8c13-ff0d84b4bc36,Youn-Soo Sakala,Youn-Soo Sakala,Camp Follower,,Dependent,None,Unknown,Unknown,Unknown,Unknown,Unknown,false,false,3035-08-24,Unknown,0 C-Bill,Early Childhood,not_applicable,None,Unknown,Unknown,Unknown,Unknown,Unknown,Unknown,Unknown,Unknown,0,0,false,,,,,,,,Dependent remains in the live personnel export; review scholarship/enrollment status manually.
dependent_on_payroll_review,medium,low,no warrior-candidate signal in compact summaries,3dbfbbb4-1da5-4cbc-b2b1-02518a78cd1c,Jarmil Holle,Jarmil Holle,Camp Follower,,Dependent,None,Unknown,Unknown,Unknown,Unknown,Unknown,false,false,3035-09-14,Unknown,0 C-Bill,Early Childhood,not_applicable,None,Unknown,Unknown,Unknown,Unknown,Unknown,Unknown,Unknown,Unknown,0,0,false,,,,,,,,Dependent remains in the live personnel export; review scholarship/enrollment status manually.
dependent_on_payroll_review,medium,low,no warrior-candidate signal in compact summaries,21a61497-7ccc-4ae4-98d8-3c4ce00828f0,Lieuuara Nguyen-Tan,Lieuuara Nguyen-Tan,Camp Follower,,Dependent,None,Unknown,Unknown,Unknown,Unknown,Unknown,false,false,3035-10-05,Unknown,0 C-Bill,Early Childhood,not_applicable,None,Unknown,Unknown,Unknown,Unknown,Unknown,Unknown,Unknown,Unknown,0,0,false,,,,,,,,Dependent remains in the live personnel export; review scholarship/enrollment status manually.
dependent_on_payroll_review,medium,low,no warrior-candidate signal in compact summaries,3f088ae0-64fc-4d2d-89d0-63b1f118ac1b,Xian-yao Holberg,Xian-yao Holberg,Camp Follower,,Dependent,None,Unknown,Unknown,Unknown,Unknown,Unknown,false,false,3036-05-01,Unknown,0 C-Bill,Early Childhood,not_applicable,None,Unknown,Unknown,Unknown,Unknown,Unknown,Unknown,Unknown,Unknown,0,0,false,,,,,,,,Dependent remains in the live personnel export; review scholarship/enrollment status manually.
dependent_on_payroll_review,medium,low,no warrior-candidate signal in compact summaries,cd48d652-d366-4f82-a315-efbdef57d67e,Ying-Lan Hassan,Ying-Lan Hassan,Camp Follower,,Dependent,None,Unknown,Unknown,Unknown,Unknown,Unknown,false,false,3036-05-02,Unknown,0 C-Bill,Early Childhood,not_applicable,None,Unknown,Unknown,Unknown,Unknown,Unknown,Unknown,Unknown,Unknown,0,0,false,,,,,,,,Dependent remains in the live personnel export; review scholarship/enrollment status manually.
dependent_on_payroll_review,medium,low,no warrior-candidate signal in compact summaries,b7b38c4d-48ea-46a0-b39c-8b25aad3f4e7,Kasienka Paramita,Kasienka Paramita,Camp Follower,,Dependent,None,Unknown,Unknown,Unknown,Unknown,Unknown,false,false,3036-07-01,Unknown,0 C-Bill,Early Childhood,not_applicable,None,Unknown,Unknown,Unknown,Unknown,Unknown,Unknown,Unknown,Unknown,0,0,false,,,,,,,,Dependent remains in the live personnel export; review scholarship/enrollment status manually.
dependent_on_payroll_review,medium,low,no warrior-candidate signal in compact summaries,7df50eee-3e02-44e1-a6d9-8245ea03ca09,Isaac Arikan,Isaac Arikan,Camp Follower,,Dependent,None,Unknown,Unknown,Unknown,Unknown,Unknown,false,false,3036-07-04,Unknown,0 C-Bill,Early Childhood,not_applicable,None,Unknown,Unknown,Unknown,Unknown,Unknown,Unknown,Unknown,Unknown,0,0,false,,,,,,,,Dependent remains in the live personnel export; review scholarship/enrollment status manually.
dependent_on_payroll_review,medium,low,no warrior-candidate signal in compact summaries,96294cfe-ec31-4b68-8984-96fe44132686,Sara Shinohara,Sara Shinohara,Camp Follower,,Dependent,None,Unknown,Unknown,Unknown,Unknown,Unknown,false,false,3036-09-19,Unknown,0 C-Bill,Early Childhood,not_applicable,None,Unknown,Unknown,Unknown,Unknown,Unknown,Unknown,Unknown,Unknown,0,0,false,,,,,,,,Dependent remains in the live personnel export; review scholarship/enrollment status manually.
dependent_on_payroll_review,medium,low,no warrior-candidate signal in compact summaries,64d08190-a483-4133-89e8-4e05d1c82902,Raharjo Dunajski,Raharjo Dunajski,Camp Follower,,Dependent,None,Unknown,Unknown,Unknown,Unknown,Unknown,false,false,3036-12-19,Unknown,0 C-Bill,Early Childhood,not_applicable,None,Unknown,Unknown,Unknown,Unknown,Unknown,Unknown,Unknown,Unknown,0,0,false,,,,,,,,Dependent remains in the live personnel export; review scholarship/enrollment status manually.
dependent_on_payroll_review,medium,low,no warrior-candidate signal in compact summaries,b76c8f12-dffb-4984-86ba-68369e9390b7,Giang-Tien De Jesús,Giang-Tien De Jesús,Camp Follower,,Dependent,None,Unknown,Unknown,Unknown,Unknown,Unknown,false,false,3037-03-27,Unknown,0 C-Bill,Early Childhood,not_applicable,None,Unknown,Unknown,Unknown,Unknown,Unknown,Unknown,Unknown,Unknown,0,0,false,,,,,,,,Dependent remains in the live personnel export; review scholarship/enrollment status manually.
dependent_on_payroll_review,medium,low,no warrior-candidate signal in compact summaries,bc044525-c75b-4c93-9b5a-1a28b4125e98,Janet Lamberts,Janet Lamberts,Camp Follower,,Dependent,None,Unknown,Unknown,Unknown,Unknown,Unknown,false,false,3037-05-01,Unknown,0 C-Bill,Early Childhood,not_applicable,None,Unknown,Unknown,Unknown,Unknown,Unknown,Unknown,Unknown,Unknown,0,0,false,,,,,,,,Dependent remains in the live personnel export; review scholarship/enrollment status manually.
dependent_on_payroll_review,medium,low,no warrior-candidate signal in compact summaries,d11f9764-928e-4966-9a76-63be8d679aea,Sadie Peres,Sadie Peres,Camp Follower,,Dependent,None,Unknown,Unknown,Unknown,Unknown,Unknown,false,false,3037-05-29,Unknown,0 C-Bill,Early Childhood,not_applicable,None,Unknown,Unknown,Unknown,Unknown,Unknown,Unknown,Unknown,Unknown,0,0,false,,,,,,,,Dependent remains in the live personnel export; review scholarship/enrollment status manually.
dependent_on_payroll_review,medium,low,no warrior-candidate signal in compact summaries,58e4aa75-7eaf-433c-9c89-4501112c6164,Tika Reufi-Andrada,Tika Reufi-Andrada,Camp Follower,,Dependent,None,Unknown,Unknown,Unknown,Unknown,Unknown,false,false,3037-05-29,Unknown,0 C-Bill,Early Childhood,not_applicable,None,Unknown,Unknown,Unknown,Unknown,Unknown,Unknown,Unknown,Unknown,0,0,false,,,,,,,,Dependent remains in the live personnel export; review scholarship/enrollment status manually.
dependent_on_payroll_review,medium,low,no warrior-candidate signal in compact summaries,27ba825a-f5f8-41fb-b110-8611d18e3be8,Soleh Lohmeyer,Soleh Lohmeyer,Camp Follower,,Dependent,None,Unknown,Unknown,Unknown,Unknown,Unknown,false,false,3037-08-07,Unknown,0 C-Bill,Early Childhood,not_applicable,None,Unknown,Unknown,Unknown,Unknown,Unknown,Unknown,Unknown,Unknown,0,0,false,,,,,,,,Dependent remains in the live personnel export; review scholarship/enrollment status manually.
dependent_on_payroll_review,medium,low,no warrior-candidate signal in compact summaries,0746712a-9d8d-490c-99f5-df7ac454e779,Fia Arikan,Fia Arikan,Camp Follower,,Dependent,None,Unknown,Unknown,Unknown,Unknown,Unknown,false,false,3037-09-04,Unknown,0 C-Bill,Early Childhood,not_applicable,None,Unknown,Unknown,Unknown,Unknown,Unknown,Unknown,Unknown,Unknown,0,0,false,,,,,,,,Dependent remains in the live personnel export; review scholarship/enrollment status manually.
dependent_on_payroll_review,medium,low,no warrior-candidate signal in compact summaries,9d2aeb2c-ae02-4d08-a1b3-9920b3701810,Lião Hanyak,Lião Hanyak,Camp Follower,,Dependent,None,Unknown,Unknown,Unknown,Unknown,Unknown,false,false,3037-10-01,Unknown,0 C-Bill,Early Childhood,not_applicable,None,Unknown,Unknown,Unknown,Unknown,Unknown,Unknown,Unknown,Unknown,0,0,false,,,,,,,,Dependent remains in the live personnel export; review scholarship/enrollment status manually.
dependent_on_payroll_review,medium,low,no warrior-candidate signal in compact summaries,a843c4b5-1c64-4ca6-bed9-03012ce39c4e,Sang-en Cho,Sang-en Cho,Camp Follower,,Dependent,None,Unknown,Unknown,Unknown,Unknown,Unknown,false,false,3037-10-01,Unknown,0 C-Bill,Early Childhood,not_applicable,None,Unknown,Unknown,Unknown,Unknown,Unknown,Unknown,Unknown,Unknown,0,0,false,,,,,,,,Dependent remains in the live personnel export; review scholarship/enrollment status manually.
dependent_on_payroll_review,medium,low,no warrior-candidate signal in compact summaries,2e404ad7-23f6-4498-b355-d77cb1d3a8d5,Martin Ellicott,Martin Ellicott,Camp Follower,,Dependent,None,Unknown,Unknown,Unknown,Unknown,Unknown,false,false,3038-04-09,Unknown,0 C-Bill,Early Childhood,not_applicable,None,Unknown,Unknown,Unknown,Unknown,Unknown,Unknown,Unknown,Unknown,0,0,false,,,,,,,,Dependent remains in the live personnel export; review scholarship/enrollment status manually.
dependent_on_payroll_review,medium,low,no warrior-candidate signal in compact summaries,8158577c-0dd2-4756-9a05-e6ed582d0d7e,Robert Herrera,Robert Herrera,Camp Follower,,Dependent,None,Unknown,Unknown,Unknown,Unknown,Unknown,false,false,3038-05-18,Unknown,0 C-Bill,Early Childhood,not_applicable,None,Unknown,Unknown,Unknown,Unknown,Unknown,Unknown,Unknown,Unknown,0,0,false,,,,,,,,Dependent remains in the live personnel export; review scholarship/enrollment status manually.
dependent_on_payroll_review,medium,low,no warrior-candidate signal in compact summaries,85cd824f-3a43-4391-84d3-2fd4fb5ae924,George Jacopino,George Jacopino,Camp Follower,,Dependent,None,Unknown,Unknown,Unknown,Unknown,Unknown,false,false,3038-06-25,Unknown,0 C-Bill,Early Childhood,not_applicable,None,Unknown,Unknown,Unknown,Unknown,Unknown,Unknown,Unknown,Unknown,0,0,false,,,,,,,,Dependent remains in the live personnel export; review scholarship/enrollment status manually.
dependent_on_payroll_review,medium,low,no warrior-candidate signal in compact summaries,2f20f3a0-dd29-4c0d-9887-6139405b6180,Janet Ceralde,Janet Ceralde,Camp Follower,,Dependent,None,Unknown,Unknown,Unknown,Unknown,Unknown,false,false,3038-07-16,Unknown,0 C-Bill,Early Childhood,not_applicable,None,Unknown,Unknown,Unknown,Unknown,Unknown,Unknown,Unknown,Unknown,0,0,false,,,,,,,,Dependent remains in the live personnel export; review scholarship/enrollment status manually.
dependent_on_payroll_review,medium,low,no warrior-candidate signal in compact summaries,ed48b40c-1ac5-48eb-9fef-6116f0e12681,Kemala King-Stasinopoulos,Kemala King-Stasinopoulos,Camp Follower,,Dependent,None,Unknown,Unknown,Unknown,Unknown,Unknown,false,false,3038-07-16,Unknown,0 C-Bill,Early Childhood,not_applicable,None,Unknown,Unknown,Unknown,Unknown,Unknown,Unknown,Unknown,Unknown,0,0,false,,,,,,,,Dependent remains in the live personnel export; review scholarship/enrollment status manually.
dependent_on_payroll_review,medium,low,no warrior-candidate signal in compact summaries,d8ce11f8-e2d3-462b-8114-07e46b9471d1,Vera Arikan,Vera Arikan,Camp Follower,,Dependent,None,Unknown,Unknown,Unknown,Unknown,Unknown,false,false,3038-07-16,Unknown,0 C-Bill,Early Childhood,not_applicable,None,Unknown,Unknown,Unknown,Unknown,Unknown,Unknown,Unknown,Unknown,0,0,false,,,,,,,,Dependent remains in the live personnel export; review scholarship/enrollment status manually.
dependent_on_payroll_review,medium,low,no warrior-candidate signal in compact summaries,9ca8d9f4-7a3e-4638-86ea-d832edaf8f29,Sergio Nguyen-Tan,Sergio Nguyen-Tan,Camp Follower,,Dependent,None,Unknown,Unknown,Unknown,Unknown,Unknown,false,false,3038-08-27,Unknown,0 C-Bill,Early Childhood,not_applicable,None,Unknown,Unknown,Unknown,Unknown,Unknown,Unknown,Unknown,Unknown,0,0,false,,,,,,,,Dependent remains in the live personnel export; review scholarship/enrollment status manually.
dependent_on_payroll_review,medium,low,no warrior-candidate signal in compact summaries,cc85333c-58a9-44e7-9683-aef7a0ab43cb,Frank García,Frank García,Camp Follower,,Dependent,None,Unknown,Unknown,Unknown,Unknown,Unknown,false,false,3039-01-03,Unknown,0 C-Bill,Early Childhood,not_applicable,None,Unknown,Unknown,Unknown,Unknown,Unknown,Unknown,Unknown,Unknown,0,0,false,,,,,,,,Dependent remains in the live personnel export; review scholarship/enrollment status manually.
dependent_on_payroll_review,medium,low,no warrior-candidate signal in compact summaries,b1de49fe-5c8c-4e8d-8bd3-857f97f711b2,Thehnaz Hartleben,Thehnaz Hartleben,Camp Follower,,Dependent,None,Unknown,Unknown,Unknown,Unknown,Unknown,false,false,3039-03-25,Unknown,0 C-Bill,Early Childhood,not_applicable,None,Unknown,Unknown,Unknown,Unknown,Unknown,Unknown,Unknown,Unknown,0,0,false,,,,,,,,Dependent remains in the live personnel export; review scholarship/enrollment status manually.
dependent_on_payroll_review,medium,low,no warrior-candidate signal in compact summaries,6c8149e1-92b2-4563-8f1a-739a53b7d87e,Caroline Álvarez,Caroline Álvarez,Camp Follower,,Dependent,None,Unknown,Unknown,Unknown,Unknown,Unknown,false,false,3039-04-08,Unknown,0 C-Bill,Early Childhood,not_applicable,None,Unknown,Unknown,Unknown,Unknown,Unknown,Unknown,Unknown,Unknown,0,0,false,,,,,,,,Dependent remains in the live personnel export; review scholarship/enrollment status manually.
dependent_on_payroll_review,medium,low,no warrior-candidate signal in compact summaries,72d04dfe-c4d7-48e5-b9c7-ff1f52a84da5,Flavia Venditti,Flavia Venditti,Camp Follower,,Dependent,None,Unknown,Unknown,Unknown,Unknown,Unknown,false,false,3039-04-29,Unknown,0 C-Bill,Early Childhood,not_applicable,None,Unknown,Unknown,Unknown,Unknown,Unknown,Unknown,Unknown,Unknown,0,0,false,,,,,,,,Dependent remains in the live personnel export; review scholarship/enrollment status manually.
dependent_on_payroll_review,medium,low,no warrior-candidate signal in compact summaries,7d0cabe7-f5fa-4ac7-8566-b0365def6e77,Kar-Wing Foxton,Kar-Wing Foxton,Camp Follower,,Dependent,None,Unknown,Unknown,Unknown,Unknown,Unknown,false,false,3039-05-13,Unknown,0 C-Bill,Early Childhood,not_applicable,None,Unknown,Unknown,Unknown,Unknown,Unknown,Unknown,Unknown,Unknown,0,0,false,,,,,,,,Dependent remains in the live personnel export; review scholarship/enrollment status manually.
dependent_on_payroll_review,medium,low,no warrior-candidate signal in compact summaries,f2c81ad1-86a3-4841-a2fa-a507525a30dc,Aasia Farquhar,Aasia Farquhar,Camp Follower,,Dependent,None,Unknown,Unknown,Unknown,Unknown,Unknown,false,false,3039-05-19,Unknown,0 C-Bill,Early Childhood,not_applicable,None,Unknown,Unknown,Unknown,Unknown,Unknown,Unknown,Unknown,Unknown,0,0,false,,,,,,,,Dependent remains in the live personnel export; review scholarship/enrollment status manually.
dependent_on_payroll_review,medium,low,no warrior-candidate signal in compact summaries,ad9b00d0-40bd-4114-b00d-5d97872163cf,Felix Nienaber,Felix Nienaber,Camp Follower,,Dependent,None,Unknown,Unknown,Unknown,Unknown,Unknown,false,false,3039-05-19,Unknown,0 C-Bill,Early Childhood,not_applicable,None,Unknown,Unknown,Unknown,Unknown,Unknown,Unknown,Unknown,Unknown,0,0,false,,,,,,,,Dependent remains in the live personnel export; review scholarship/enrollment status manually.
dependent_on_payroll_review,medium,low,no warrior-candidate signal in compact summaries,7dcd5b70-5d21-4fc3-bd70-6645f63b16a3,Iestyn Sobczak-Neha,Iestyn Sobczak-Neha,Camp Follower,,Dependent,None,Unknown,Unknown,Unknown,Unknown,Unknown,false,false,3039-06-24,Unknown,0 C-Bill,Early Childhood,not_applicable,None,Unknown,Unknown,Unknown,Unknown,Unknown,Unknown,Unknown,Unknown,0,0,false,,,,,,,,Dependent remains in the live personnel export; review scholarship/enrollment status manually.
dependent_on_payroll_review,medium,low,no warrior-candidate signal in compact summaries,e4f35198-ae34-4c4e-b379-6f6938ed95b3,John Salih,John Salih,Camp Follower,,Dependent,None,Unknown,Unknown,Unknown,Unknown,Unknown,false,false,3039-06-24,Unknown,0 C-Bill,Early Childhood,not_applicable,None,Unknown,Unknown,Unknown,Unknown,Unknown,Unknown,Unknown,Unknown,0,0,false,,,,,,,,Dependent remains in the live personnel export; review scholarship/enrollment status manually.
dependent_on_payroll_review,medium,low,no warrior-candidate signal in compact summaries,38d5871c-f496-4a04-8da4-17744fb34204,Shi-ping Osmundsen,Shi-ping Osmundsen,Camp Follower,,Dependent,None,Unknown,Unknown,Unknown,Unknown,Unknown,false,false,3039-07-15,Unknown,0 C-Bill,Early Childhood,not_applicable,None,Unknown,Unknown,Unknown,Unknown,Unknown,Unknown,Unknown,Unknown,0,0,false,,,,,,,,Dependent remains in the live personnel export; review scholarship/enrollment status manually.
dependent_on_payroll_review,medium,low,no warrior-candidate signal in compact summaries,91804fe5-3818-4463-9ebc-b71d7ff1eadf,Florian Stoltz,Florian Stoltz,Camp Follower,,Dependent,None,Unknown,Unknown,Unknown,Unknown,Unknown,false,false,3039-10-21,Unknown,0 C-Bill,Early Childhood,not_applicable,None,Unknown,Unknown,Unknown,Unknown,Unknown,Unknown,Unknown,Unknown,0,0,false,,,,,,,,Dependent remains in the live personnel export; review scholarship/enrollment status manually.
dependent_on_payroll_review,medium,low,no warrior-candidate signal in compact summaries,e955d1e5-1332-491d-b46c-42936761991c,R.J. Cavell,R.J. Cavell,Camp Follower,,Dependent,None,Unknown,Unknown,Unknown,Unknown,Unknown,false,false,3039-11-11,Unknown,0 C-Bill,Early Childhood,not_applicable,None,Unknown,Unknown,Unknown,Unknown,Unknown,Unknown,Unknown,Unknown,0,0,false,,,,,,,,Dependent remains in the live personnel export; review scholarship/enrollment status manually.
dependent_on_payroll_review,medium,low,no warrior-candidate signal in compact summaries,a2541080-696b-4acf-b529-cfa0b18c0772,Eric Cannavo,Eric Cannavo,Camp Follower,,Dependent,None,Unknown,Unknown,Unknown,Unknown,Unknown,false,false,3040-01-06,Unknown,0 C-Bill,Early Childhood,not_applicable,None,Unknown,Unknown,Unknown,Unknown,Unknown,Unknown,Unknown,Unknown,0,0,false,,,,,,,,Dependent remains in the live personnel export; review scholarship/enrollment status manually.
dependent_on_payroll_review,medium,low,no warrior-candidate signal in compact summaries,58c03f3a-b7f6-4ffc-9c4b-ba155bcd8497,Mary Narusov,Mary Narusov,Camp Follower,,Dependent,None,Unknown,Unknown,Unknown,Unknown,Unknown,false,false,3040-01-13,Unknown,0 C-Bill,Early Childhood,not_applicable,None,Unknown,Unknown,Unknown,Unknown,Unknown,Unknown,Unknown,Unknown,0,0,false,,,,,,,,Dependent remains in the live personnel export; review scholarship/enrollment status manually.
dependent_on_payroll_review,medium,low,no warrior-candidate signal in compact summaries,fa385d8a-db94-4582-9a93-f66df299162b,Betty Sopa,Betty Sopa,Camp Follower,,Dependent,None,Unknown,Unknown,Unknown,Unknown,Unknown,false,false,3040-03-02,Unknown,0 C-Bill,Early Childhood,not_applicable,None,Unknown,Unknown,Unknown,Unknown,Unknown,Unknown,Unknown,Unknown,0,0,false,,,,,,,,Dependent remains in the live personnel export; review scholarship/enrollment status manually.
dependent_on_payroll_review,medium,low,no warrior-candidate signal in compact summaries,73fc526c-4ca8-4b79-8b5c-f3cf75e50d0e,Anice Panagiatopoulos,Anice Panagiatopoulos,Camp Follower,,Dependent,None,Unknown,Unknown,Unknown,Unknown,Unknown,false,false,3040-05-11,Unknown,0 C-Bill,Early Childhood,not_applicable,None,Unknown,Unknown,Unknown,Unknown,Unknown,Unknown,Unknown,Unknown,0,0,false,,,,,,,,Dependent remains in the live personnel export; review scholarship/enrollment status manually.
dependent_on_payroll_review,medium,low,no warrior-candidate signal in compact summaries,e55aec6b-ae14-436d-8dde-add431eb36c9,Gunnur Witter,Gunnur Witter,Camp Follower,,Dependent,None,Unknown,Unknown,Unknown,Unknown,Unknown,false,false,3040-06-22,Unknown,0 C-Bill,Early Childhood,not_applicable,None,Unknown,Unknown,Unknown,Unknown,Unknown,Unknown,Unknown,Unknown,0,0,false,,,,,,,,Dependent remains in the live personnel export; review scholarship/enrollment status manually.
dependent_on_payroll_review,medium,low,no warrior-candidate signal in compact summaries,36c0af13-781b-4161-b616-5f59208bc427,Theodore Nienaber,Theodore Nienaber,Camp Follower,,Dependent,None,Unknown,Unknown,Unknown,Unknown,Unknown,false,false,3040-07-06,Unknown,0 C-Bill,Early Childhood,not_applicable,None,Unknown,Unknown,Unknown,Unknown,Unknown,Unknown,Unknown,Unknown,0,0,false,,,,,,,,Dependent remains in the live personnel export; review scholarship/enrollment status manually.
dependent_on_payroll_review,medium,low,no warrior-candidate signal in compact summaries,e99c0718-5f40-4439-b059-4de3843b334b,Jhawar Sarwate,Jhawar Sarwate,Background Character,,Dependent,None,Unknown,Unknown,Unknown,Unknown,Unknown,true,false,3040-08-08,Unknown,25 C-Bill,High School,not_applicable,None,Unknown,Unknown,Unknown,Unknown,Unknown,Unknown,Unknown,Unknown,0,0,false,,,Interest/Gambling L1/FV8; Language/Any L2/FV6; Streetwise/Any L1/FV7,,,,,Dependent remains in the live personnel export; review scholarship/enrollment status manually.
dependent_on_payroll_review,medium,low,no warrior-candidate signal in compact summaries,1061bd76-8994-42b0-9a7d-bd16d0c90942,Takara Pesseingimpel,Takara Pesseingimpel,Camp Follower,,Dependent,None,Unknown,Unknown,Unknown,Unknown,Unknown,false,false,3040-08-08,Unknown,0 C-Bill,Early Childhood,not_applicable,None,Unknown,Unknown,Unknown,Unknown,Unknown,Unknown,Unknown,Unknown,0,0,false,,,,,,,,Dependent remains in the live personnel export; review scholarship/enrollment status manually.
dependent_on_payroll_review,medium,low,no warrior-candidate signal in compact summaries,3649eab7-1660-4927-93ae-1adba5b25a35,Wei-Zhen Markkanen,Wei-Zhen Markkanen,Camp Follower,,Dependent,None,Unknown,Unknown,Unknown,Unknown,Unknown,false,false,3040-08-08,Unknown,0 C-Bill,Early Childhood,not_applicable,None,Unknown,Unknown,Unknown,Unknown,Unknown,Unknown,Unknown,Unknown,0,0,false,,,,,,,,Dependent remains in the live personnel export; review scholarship/enrollment status manually.
dependent_on_payroll_review,medium,low,no warrior-candidate signal in compact summaries,196f6577-e9c5-4f03-a743-d3b8ec1497ea,Zoja Yusef,Zoja Yusef,Camp Follower,,Dependent,None,Unknown,Unknown,Unknown,Unknown,Unknown,false,false,3040-08-08,Unknown,0 C-Bill,Early Childhood,not_applicable,None,Unknown,Unknown,Unknown,Unknown,Unknown,Unknown,Unknown,Unknown,0,0,false,,,,,,,,Dependent remains in the live personnel export; review scholarship/enrollment status manually.
dependent_on_payroll_review,medium,low,no warrior-candidate signal in compact summaries,f9e68776-5bfc-4d00-9e80-3a2f29226fb3,Anuvitta Arbiz,Anuvitta Arbiz,Camp Follower,,Dependent,None,Unknown,Unknown,Unknown,Unknown,Unknown,false,false,3040-08-31,Unknown,0 C-Bill,Early Childhood,not_applicable,None,Unknown,Unknown,Unknown,Unknown,Unknown,Unknown,Unknown,Unknown,0,0,false,,,,,,,,Dependent remains in the live personnel export; review scholarship/enrollment status manually.
dependent_on_payroll_review,medium,low,no warrior-candidate signal in compact summaries,bdcd7cad-d444-4cbc-921c-823aedcc61ed,Arthur Zelenohorskyj,Arthur Zelenohorskyj,Camp Follower,,Dependent,None,Unknown,Unknown,Unknown,Unknown,Unknown,false,false,3040-09-07,Unknown,0 C-Bill,Early Childhood,not_applicable,None,Unknown,Unknown,Unknown,Unknown,Unknown,Unknown,Unknown,Unknown,0,0,false,,,,,,,,Dependent remains in the live personnel export; review scholarship/enrollment status manually.
dependent_on_payroll_review,medium,low,no warrior-candidate signal in compact summaries,4815e1cf-b053-4f8b-9711-b419dc60de2e,Pedro Gacoki,Pedro Gacoki,Camp Follower,,Dependent,None,Unknown,Unknown,Unknown,Unknown,Unknown,false,false,3040-10-03,Unknown,0 C-Bill,Early Childhood,not_applicable,None,Unknown,Unknown,Unknown,Unknown,Unknown,Unknown,Unknown,Unknown,0,0,false,,,,,,,,Dependent remains in the live personnel export; review scholarship/enrollment status manually.
dependent_on_payroll_review,medium,low,no warrior-candidate signal in compact summaries,fe129d93-f2ce-4925-8d41-616a2db45d20,Rio Kibwe,Rio Kibwe,Camp Follower,,Dependent,None,Unknown,Unknown,Unknown,Unknown,Unknown,false,false,3040-10-03,Unknown,0 C-Bill,Early Childhood,not_applicable,None,Unknown,Unknown,Unknown,Unknown,Unknown,Unknown,Unknown,Unknown,0,0,false,,,,,,,,Dependent remains in the live personnel export; review scholarship/enrollment status manually.
dependent_on_payroll_review,medium,low,no warrior-candidate signal in compact summaries,84d8e313-7f54-477d-ac82-ccca27c9a376,Tara Tapanelli,Tara Tapanelli,Camp Follower,,Dependent,None,Unknown,Unknown,Unknown,Unknown,Unknown,false,false,3040-10-03,Unknown,0 C-Bill,Early Childhood,not_applicable,None,Unknown,Unknown,Unknown,Unknown,Unknown,Unknown,Unknown,Unknown,0,0,false,,,,,,,,Dependent remains in the live personnel export; review scholarship/enrollment status manually.
dependent_on_payroll_review,medium,low,no warrior-candidate signal in compact summaries,6327ec40-baab-4ff2-ba02-c888375643b6,Byron Kotaridou,Byron Kotaridou,Camp Follower,,Dependent,None,Unknown,Unknown,Unknown,Unknown,Unknown,false,false,3040-11-03,Unknown,0 C-Bill,Early Childhood,not_applicable,None,Unknown,Unknown,Unknown,Unknown,Unknown,Unknown,Unknown,Unknown,0,0,false,,,,,,,,Dependent remains in the live personnel export; review scholarship/enrollment status manually.
dependent_on_payroll_review,medium,low,no warrior-candidate signal in compact summaries,9f92fc4c-8406-4dcd-99f3-f696a2e91662,Dr Sonali Yoshida,Dr Sonali Yoshida,Camp Follower,,Dependent,None,Unknown,Unknown,Unknown,Unknown,Unknown,false,false,3040-11-03,Unknown,0 C-Bill,Early Childhood,not_applicable,None,Unknown,Unknown,Unknown,Unknown,Unknown,Unknown,Unknown,Unknown,0,0,false,,,,,Significant Compulsion - Hates Pirates (ATOW),,,Dependent remains in the live personnel export; review scholarship/enrollment status manually.
dependent_on_payroll_review,medium,low,no warrior-candidate signal in compact summaries,46bbeb09-5faa-409d-80b6-769cdcf9b45d,Guldemunde Konig,Guldemunde Konig,Background Character,,Dependent,None,Unknown,Unknown,Unknown,Unknown,Unknown,true,false,3040-11-03,Unknown,25 C-Bill,College,not_applicable,None,Unknown,Unknown,Unknown,Unknown,Unknown,Unknown,Unknown,Unknown,0,0,false,,,Art/Drawing L1/FV8; Cryptography L1/FV8; Interrogation L2/FV7; Language/Any L2/FV6; Swimming L1/FV6,,,,,Dependent remains in the live personnel export; review scholarship/enrollment status manually.
dependent_on_payroll_review,medium,low,no warrior-candidate signal in compact summaries,3dd4a071-f0ca-4a14-abb2-275d860eb70a,Joan Ouaziz,Joan Ouaziz,Camp Follower,,Dependent,None,Unknown,Unknown,Unknown,Unknown,Unknown,false,false,3040-11-03,Unknown,0 C-Bill,Early Childhood,not_applicable,None,Unknown,Unknown,Unknown,Unknown,Unknown,Unknown,Unknown,Unknown,0,0,false,,,,,,,,Dependent remains in the live personnel export; review scholarship/enrollment status manually.
dependent_on_payroll_review,medium,low,no warrior-candidate signal in compact summaries,24788762-9528-4653-b04a-e0263edc1160,Taree De Jesús,Taree De Jesús,Camp Follower,,Dependent,None,Unknown,Unknown,Unknown,Unknown,Unknown,false,false,3040-11-23,Unknown,0 C-Bill,Early Childhood,not_applicable,None,Unknown,Unknown,Unknown,Unknown,Unknown,Unknown,Unknown,Unknown,0,0,false,,,,,,,,Dependent remains in the live personnel export; review scholarship/enrollment status manually.
dependent_on_payroll_review,medium,low,no warrior-candidate signal in compact summaries,18bd194a-5a10-4287-8a20-ab506f83ecef,Pat Nguyen-Tan,Pat Nguyen-Tan,Camp Follower,,Dependent,None,Unknown,Unknown,Unknown,Unknown,Unknown,false,false,3040-11-30,Unknown,0 C-Bill,Early Childhood,not_applicable,None,Unknown,Unknown,Unknown,Unknown,Unknown,Unknown,Unknown,Unknown,0,0,false,,,,,,,,Dependent remains in the live personnel export; review scholarship/enrollment status manually.
dependent_on_payroll_review,medium,low,no warrior-candidate signal in compact summaries,70a6d74e-fe37-4093-bd94-9487bf64ffb2,Naif Na'Il Jen,Naif Na'Il Jen,Camp Follower,,Dependent,None,Unknown,Unknown,Unknown,Unknown,Unknown,false,false,3040-12-02,Unknown,0 C-Bill,Early Childhood,not_applicable,None,Unknown,Unknown,Unknown,Unknown,Unknown,Unknown,Unknown,Unknown,0,0,false,,,,,,,,Dependent remains in the live personnel export; review scholarship/enrollment status manually.
dependent_on_payroll_review,medium,low,no warrior-candidate signal in compact summaries,8cf2770a-8258-470c-8641-e281f8130a39,Kharit López,Kharit López,Camp Follower,,Dependent,None,Unknown,Unknown,Unknown,Unknown,Unknown,false,false,3041-02-28,Unknown,0 C-Bill,Early Childhood,not_applicable,None,Unknown,Unknown,Unknown,Unknown,Unknown,Unknown,Unknown,Unknown,0,0,false,,,Acrobatics L1/FV6; Protocols/Any L1/FV7; Security Systems/Electronic L1/FV8; Swimming L1/FV6,,Shakey Scalpel (Unofficial),,,Dependent remains in the live personnel export; review scholarship/enrollment status manually.
dependent_on_payroll_review,medium,low,no warrior-candidate signal in compact summaries,a562c2f0-5615-4225-819b-c911ac0e0ddb,Kui-Har Hisari,Kui-Har Hisari,Camp Follower,,Dependent,None,Unknown,Unknown,Unknown,Unknown,Unknown,false,false,3041-02-28,Unknown,0 C-Bill,Early Childhood,not_applicable,None,Unknown,Unknown,Unknown,Unknown,Unknown,Unknown,Unknown,Unknown,0,0,false,,,,,,,,Dependent remains in the live personnel export; review scholarship/enrollment status manually.
dependent_on_payroll_review,medium,low,no warrior-candidate signal in compact summaries,2af2c2db-b74f-4753-b3ac-5634da1cfe80,Leslie Cameron,Leslie Cameron,Camp Follower,,Dependent,None,Unknown,Unknown,Unknown,Unknown,Unknown,false,false,3041-02-28,Unknown,0 C-Bill,Early Childhood,not_applicable,None,Unknown,Unknown,Unknown,Unknown,Unknown,Unknown,Unknown,Unknown,0,0,false,,,,,,,,Dependent remains in the live personnel export; review scholarship/enrollment status manually.
dependent_on_payroll_review,medium,low,no warrior-candidate signal in compact summaries,853d4025-1697-4a1e-b33b-578ac8646bdd,Lois Stinzi,Lois Stinzi,Camp Follower,,Dependent,None,Unknown,Unknown,Unknown,Unknown,Unknown,false,false,3041-02-28,Unknown,0 C-Bill,Early Childhood,not_applicable,None,Unknown,Unknown,Unknown,Unknown,Unknown,Unknown,Unknown,Unknown,0,0,false,,,,,,,,Dependent remains in the live personnel export; review scholarship/enrollment status manually.
dependent_on_payroll_review,medium,low,no warrior-candidate signal in compact summaries,ff7ad1f1-78a2-45de-b77c-ea26c45c2a1b,Kellye Derda,Kellye Derda,Camp Follower,,Dependent,None,Unknown,Unknown,Unknown,Unknown,Unknown,false,false,3041-03-01,Unknown,0 C-Bill,Early Childhood,not_applicable,None,Unknown,Unknown,Unknown,Unknown,Unknown,Unknown,Unknown,Unknown,0,0,false,,,,,,,,Dependent remains in the live personnel export; review scholarship/enrollment status manually.
dependent_on_payroll_review,medium,low,no warrior-candidate signal in compact summaries,92684008-b74c-49de-998e-3a46ec7c2a40,Mimi Derda,Mimi Derda,Camp Follower,,Dependent,None,Unknown,Unknown,Unknown,Unknown,Unknown,false,false,3041-03-01,Unknown,0 C-Bill,Early Childhood,not_applicable,None,Unknown,Unknown,Unknown,Unknown,Unknown,Unknown,Unknown,Unknown,0,0,false,,,,,,,,Dependent remains in the live personnel export; review scholarship/enrollment status manually.
dependent_on_payroll_review,medium,low,no warrior-candidate signal in compact summaries,0fafe529-2e91-46f3-96c8-310a5bf6d29c,Tom Pelletier,Tom Pelletier,Background Character,,Dependent,None,Unknown,Unknown,Unknown,Unknown,Unknown,true,false,3041-03-01,Unknown,25 C-Bill,High School,not_applicable,None,Unknown,Unknown,Unknown,Unknown,Unknown,Unknown,Unknown,Unknown,0,0,false,,,,,,,,Dependent remains in the live personnel export; review scholarship/enrollment status manually.
dependent_on_payroll_review,medium,low,no warrior-candidate signal in compact summaries,5bc87628-3bba-4477-b465-4841d0dbb782,Yasser Derda,Yasser Derda,Camp Follower,,Dependent,None,Unknown,Unknown,Unknown,Unknown,Unknown,false,false,3041-03-01,Unknown,0 C-Bill,Early Childhood,not_applicable,None,Unknown,Unknown,Unknown,Unknown,Unknown,Unknown,Unknown,Unknown,0,0,false,,,,,,,,Dependent remains in the live personnel export; review scholarship/enrollment status manually.
dependent_on_payroll_review,medium,low,no warrior-candidate signal in compact summaries,e7a76373-725d-4e05-a544-94c74a4bc1b4,Sadatake Siu,Sadatake Siu,Camp Follower,,Dependent,None,Unknown,Unknown,Unknown,Unknown,Unknown,false,false,3041-03-04,Unknown,0 C-Bill,Early Childhood,not_applicable,None,Unknown,Unknown,Unknown,Unknown,Unknown,Unknown,Unknown,Unknown,0,0,false,,,,,,,,Dependent remains in the live personnel export; review scholarship/enrollment status manually.
dependent_on_payroll_review,medium,low,no warrior-candidate signal in compact summaries,cd8ac96c-8bc9-4c9b-9d40-6066c7057207,Sonja Nesmyth,Sonja Nesmyth,Camp Follower,,Dependent,None,Unknown,Unknown,Unknown,Unknown,Unknown,false,false,3041-03-04,Unknown,0 C-Bill,Early Childhood,not_applicable,None,Unknown,Unknown,Unknown,Unknown,Unknown,Unknown,Unknown,Unknown,0,0,false,,,,,,,,Dependent remains in the live personnel export; review scholarship/enrollment status manually.
dependent_on_payroll_review,medium,low,no warrior-candidate signal in compact summaries,8149afdc-a429-4b68-8d51-5f4699d494bb,Craig Wilkins,Craig Wilkins,Camp Follower,,Dependent,None,Unknown,Unknown,Unknown,Unknown,Unknown,false,false,3041-04-04,Unknown,0 C-Bill,College,not_applicable,None,Unknown,Unknown,Unknown,Unknown,Unknown,Unknown,Unknown,Unknown,0,0,false,,,,,,,,Dependent remains in the live personnel export; review scholarship/enrollment status manually.
dependent_on_payroll_review,medium,low,no warrior-candidate signal in compact summaries,796201b0-cfcf-48eb-8f48-47957b295830,Griff Suzuki,Griff Suzuki,Camp Follower,,Dependent,None,Unknown,Unknown,Unknown,Unknown,Unknown,false,false,3041-04-04,Unknown,0 C-Bill,Early Childhood,not_applicable,None,Unknown,Unknown,Unknown,Unknown,Unknown,Unknown,Unknown,Unknown,0,0,false,,,,,,,,Dependent remains in the live personnel export; review scholarship/enrollment status manually.
dependent_on_payroll_review,medium,low,no warrior-candidate signal in compact summaries,f6e5e0aa-c406-4da0-a8e4-f61c7032f4ea,Ko-toni Hirsch,Ko-toni Hirsch,Camp Follower,,Dependent,None,Unknown,Unknown,Unknown,Unknown,Unknown,false,false,3041-04-04,Unknown,0 C-Bill,Early Childhood,not_applicable,None,Unknown,Unknown,Unknown,Unknown,Unknown,Unknown,Unknown,Unknown,0,0,false,,,,,,,,Dependent remains in the live personnel export; review scholarship/enrollment status manually.
dependent_on_payroll_review,medium,low,no warrior-candidate signal in compact summaries,b27e724e-fce9-41e7-b542-049bb1960415,Marina Lan,Marina Lan,Camp Follower,,Dependent,None,Unknown,Unknown,Unknown,Unknown,Unknown,false,false,3041-04-04,Unknown,0 C-Bill,College,not_applicable,None,Unknown,Unknown,Unknown,Unknown,Unknown,Unknown,Unknown,Unknown,0,0,false,,,Acrobatics L1/FV6,,,,,Dependent remains in the live personnel export; review scholarship/enrollment status manually.
dependent_on_payroll_review,medium,low,no warrior-candidate signal in compact summaries,7d040c4c-5101-4bfe-ae0d-6e4005c65437,Mstislava Wilkins,Mstislava Wilkins,Camp Follower,,Dependent,None,Unknown,Unknown,Unknown,Unknown,Unknown,false,false,3041-04-04,Unknown,0 C-Bill,Early Childhood,not_applicable,None,Unknown,Unknown,Unknown,Unknown,Unknown,Unknown,Unknown,Unknown,0,0,false,,,,,,,,Dependent remains in the live personnel export; review scholarship/enrollment status manually.
dependent_on_payroll_review,medium,low,no warrior-candidate signal in compact summaries,8da952a6-9e18-4a02-8036-777eb42abdf5,Ninfa Gutiérrez,Ninfa Gutiérrez,Camp Follower,,Dependent,None,Unknown,Unknown,Unknown,Unknown,Unknown,false,false,3041-04-05,Unknown,0 C-Bill,Early Childhood,not_applicable,None,Unknown,Unknown,Unknown,Unknown,Unknown,Unknown,Unknown,Unknown,0,0,false,,,,,,,,Dependent remains in the live personnel export; review scholarship/enrollment status manually.
dependent_on_payroll_review,medium,low,no warrior-candidate signal in compact summaries,03af97ca-c9c6-4a6a-a552-b1a22a5fa582,Yue Barty,Yue Barty,Camp Follower,,Dependent,None,Unknown,Unknown,Unknown,Unknown,Unknown,false,false,3041-04-05,Unknown,0 C-Bill,Early Childhood,not_applicable,None,Unknown,Unknown,Unknown,Unknown,Unknown,Unknown,Unknown,Unknown,0,0,false,,,,,,,,Dependent remains in the live personnel export; review scholarship/enrollment status manually.
dependent_on_payroll_review,medium,low,no warrior-candidate signal in compact summaries,e070f35e-059c-4cbc-8329-aabe5b0e0ad0,Yun-qi Akram,Yun-qi Akram,Camp Follower,,Dependent,None,Unknown,Unknown,Unknown,Unknown,Unknown,false,false,3041-04-26,Unknown,0 C-Bill,Early Childhood,not_applicable,None,Unknown,Unknown,Unknown,Unknown,Unknown,Unknown,Unknown,Unknown,0,0,false,,,,,,,,Dependent remains in the live personnel export; review scholarship/enrollment status manually.
dependent_on_payroll_review,medium,low,no warrior-candidate signal in compact summaries,1f953835-b864-49d7-912a-45907f7d3126,Fyfa Khaldun,Fyfa Khaldun,Camp Follower,,Dependent,None,Unknown,Unknown,Unknown,Unknown,Unknown,false,false,3041-05-01,Unknown,0 C-Bill,Early Childhood,not_applicable,None,Unknown,Unknown,Unknown,Unknown,Unknown,Unknown,Unknown,Unknown,0,0,false,,,,,,,,Dependent remains in the live personnel export; review scholarship/enrollment status manually.
dependent_on_payroll_review,medium,low,no warrior-candidate signal in compact summaries,e5aed4b3-d940-4eb8-8dbc-ab42b61b14ae,Jeff Khaldun,Jeff Khaldun,Camp Follower,,Dependent,None,Unknown,Unknown,Unknown,Unknown,Unknown,false,false,3041-05-01,Unknown,0 C-Bill,Early Childhood,not_applicable,None,Unknown,Unknown,Unknown,Unknown,Unknown,Unknown,Unknown,Unknown,0,0,false,,,,,,,,Dependent remains in the live personnel export; review scholarship/enrollment status manually.
dependent_on_payroll_review,medium,low,no warrior-candidate signal in compact summaries,4ce679ca-f96c-48f9-80d4-9b9ed941d2f5,Manabu Burnett,Manabu Burnett,Camp Follower,,Dependent,None,Unknown,Unknown,Unknown,Unknown,Unknown,false,false,3041-05-01,Unknown,0 C-Bill,Early Childhood,not_applicable,None,Unknown,Unknown,Unknown,Unknown,Unknown,Unknown,Unknown,Unknown,0,0,false,,,,,,,,Dependent remains in the live personnel export; review scholarship/enrollment status manually.
dependent_on_payroll_review,medium,low,no warrior-candidate signal in compact summaries,0ee08d48-8ace-4990-903e-1363faf5361a,Basker Mohammed,Basker Mohammed,Camp Follower,,Dependent,None,Unknown,Unknown,Unknown,Unknown,Unknown,false,false,3041-05-31,Unknown,0 C-Bill,Early Childhood,not_applicable,None,Unknown,Unknown,Unknown,Unknown,Unknown,Unknown,Unknown,Unknown,0,0,false,,,,,,,,Dependent remains in the live personnel export; review scholarship/enrollment status manually.
dependent_on_payroll_review,medium,low,no warrior-candidate signal in compact summaries,c4ea915b-6e87-45f8-a313-e01f45411d1c,Ty Rüstü,Ty Rüstü,Camp Follower,,Dependent,None,Unknown,Unknown,Unknown,Unknown,Unknown,false,false,3041-06-01,Unknown,0 C-Bill,Early Childhood,not_applicable,None,Unknown,Unknown,Unknown,Unknown,Unknown,Unknown,Unknown,Unknown,0,0,false,,,,,,,,Dependent remains in the live personnel export; review scholarship/enrollment status manually.
dependent_on_payroll_review,medium,low,no warrior-candidate signal in compact summaries,e9e6164c-cdcd-423b-8c6e-08331b852190,Sabina Advani,Sabina Advani,Camp Follower,,Dependent,None,Unknown,Unknown,Unknown,Unknown,Unknown,false,false,3041-06-28,Unknown,0 C-Bill,Early Childhood,not_applicable,None,Unknown,Unknown,Unknown,Unknown,Unknown,Unknown,Unknown,Unknown,0,0,false,,,,,,,,Dependent remains in the live personnel export; review scholarship/enrollment status manually.
dependent_on_payroll_review,medium,low,no warrior-candidate signal in compact summaries,f1949ea7-7b93-40d7-bd8b-977d34c84051,Leslee bin Nawaf,Leslee bin Nawaf,Camp Follower,,Dependent,None,Unknown,Unknown,Unknown,Unknown,Unknown,false,false,3041-07-01,Unknown,0 C-Bill,Early Childhood,not_applicable,None,Unknown,Unknown,Unknown,Unknown,Unknown,Unknown,Unknown,Unknown,0,0,false,,,,,,,,Dependent remains in the live personnel export; review scholarship/enrollment status manually.
dependent_on_payroll_review,medium,low,no warrior-candidate signal in compact summaries,6d2515b1-695e-4827-bc6a-cacddf78b9a8,Assana Rangnekar,Assana Rangnekar,Camp Follower,,Dependent,None,Unknown,Unknown,Unknown,Unknown,Unknown,false,false,3041-07-05,Unknown,0 C-Bill,Early Childhood,not_applicable,None,Unknown,Unknown,Unknown,Unknown,Unknown,Unknown,Unknown,Unknown,0,0,false,,,,,,,,Dependent remains in the live personnel export; review scholarship/enrollment status manually.
dependent_on_payroll_review,medium,low,no warrior-candidate signal in compact summaries,8f7f22d6-7ac7-47c9-91c2-b8987ee2acad,Romana Dempsterton,Romana Dempsterton,Camp Follower,,Dependent,None,Unknown,Unknown,Unknown,Unknown,Unknown,false,false,3041-08-03,Unknown,0 C-Bill,Early Childhood,not_applicable,None,Unknown,Unknown,Unknown,Unknown,Unknown,Unknown,Unknown,Unknown,0,0,false,,,,,,,,Dependent remains in the live personnel export; review scholarship/enrollment status manually.
dependent_on_payroll_review,medium,low,no warrior-candidate signal in compact summaries,b7db904f-39a9-4c71-bc79-f46d7610c068,Arina Sanzgiri,Arina Sanzgiri,Camp Follower,,Dependent,None,Unknown,Unknown,Unknown,Unknown,Unknown,false,false,3041-09-03,Unknown,0 C-Bill,Early Childhood,not_applicable,None,Unknown,Unknown,Unknown,Unknown,Unknown,Unknown,Unknown,Unknown,0,0,false,,,,,,,,Dependent remains in the live personnel export; review scholarship/enrollment status manually.
dependent_on_payroll_review,medium,low,no warrior-candidate signal in compact summaries,3a9b5fa1-9fb8-4dfe-8f17-17f981311345,Mary van Kippersluis,Mary van Kippersluis,Camp Follower,,Dependent,None,Unknown,Unknown,Unknown,Unknown,Unknown,false,false,3041-09-03,Unknown,0 C-Bill,Early Childhood,not_applicable,None,Unknown,Unknown,Unknown,Unknown,Unknown,Unknown,Unknown,Unknown,0,0,false,,,,,,,,Dependent remains in the live personnel export; review scholarship/enrollment status manually.
dependent_on_payroll_review,medium,low,no warrior-candidate signal in compact summaries,1b828e8f-6eb6-416d-b3a7-242d7fd28ef9,Yasuhiko Burdalski,Yasuhiko Burdalski,Camp Follower,,Dependent,None,Unknown,Unknown,Unknown,Unknown,Unknown,false,false,3041-09-03,Unknown,0 C-Bill,Early Childhood,not_applicable,None,Unknown,Unknown,Unknown,Unknown,Unknown,Unknown,Unknown,Unknown,0,0,false,,,,,,,,Dependent remains in the live personnel export; review scholarship/enrollment status manually.
dependent_on_payroll_review,medium,low,no warrior-candidate signal in compact summaries,518ce04e-9869-4025-8d9c-60e42437c906,Cathal Faulkener,Cathal Faulkener,Camp Follower,,Dependent,None,Unknown,Unknown,Unknown,Unknown,Unknown,false,false,3041-09-20,Unknown,0 C-Bill,High School,not_applicable,None,Unknown,Unknown,Unknown,Unknown,Unknown,Unknown,Unknown,Unknown,0,0,false,,,Art/Cooking L0/FV8; Career/Any L0/FV6; Cryptography L0/FV8; Running L2/FV5,,,,,Dependent remains in the live personnel export; review scholarship/enrollment status manually.
dependent_on_payroll_review,medium,low,no warrior-candidate signal in compact summaries,811b1f9c-9d6e-4010-81d4-437c3ffe5a0e,David Pawlikowski,David Pawlikowski,Camp Follower,,Dependent,None,Unknown,Unknown,Unknown,Unknown,Unknown,false,false,3041-10-01,Unknown,0 C-Bill,Early Childhood,not_applicable,None,Unknown,Unknown,Unknown,Unknown,Unknown,Unknown,Unknown,Unknown,0,0,false,,,,,,,,Dependent remains in the live personnel export; review scholarship/enrollment status manually.
dependent_on_payroll_review,medium,low,no warrior-candidate signal in compact summaries,620dd306-3e4c-497c-9912-f805e83a8eb2,Elisa Pawlikowski,Elisa Pawlikowski,Camp Follower,,Dependent,None,Unknown,Unknown,Unknown,Unknown,Unknown,false,false,3041-10-01,Unknown,0 C-Bill,Early Childhood,not_applicable,None,Unknown,Unknown,Unknown,Unknown,Unknown,Unknown,Unknown,Unknown,0,0,false,,,,,,,,Dependent remains in the live personnel export; review scholarship/enrollment status manually.
dependent_on_payroll_review,medium,low,no warrior-candidate signal in compact summaries,248a47b3-00b6-4313-8211-7cd06e31021e,Jeanette López,Jeanette López,Camp Follower,,Dependent,None,Unknown,Unknown,Unknown,Unknown,Unknown,false,false,3041-10-01,Unknown,0 C-Bill,Early Childhood,not_applicable,None,Unknown,Unknown,Unknown,Unknown,Unknown,Unknown,Unknown,Unknown,0,0,false,,,,,,,,Dependent remains in the live personnel export; review scholarship/enrollment status manually.
dependent_on_payroll_review,medium,low,no warrior-candidate signal in compact summaries,5c2e2875-60f7-4c8f-876a-10d115d9fb0a,Mares Kleczynski-López,Mares Kleczynski-López,Camp Follower,,Dependent,None,Unknown,Unknown,Unknown,Unknown,Unknown,false,false,3041-10-01,Unknown,0 C-Bill,College,not_applicable,None,Unknown,Unknown,Unknown,Unknown,Unknown,Unknown,Unknown,Unknown,0,0,false,,,Acrobatics L1/FV6; Animal Handling L1/FV6; Anti-Mek (Climbing) L2/FV6; Investigation L2/FV6; Protocols/Any L2/FV5,,,,,Dependent remains in the live personnel export; review scholarship/enrollment status manually.
dependent_on_payroll_review,medium,low,no warrior-candidate signal in compact summaries,ad7f9341-fe79-472b-8aa1-e16f48e640ea,Purnomo Pawlikowski,Purnomo Pawlikowski,Camp Follower,,Dependent,None,Unknown,Unknown,Unknown,Unknown,Unknown,false,false,3041-10-01,Unknown,0 C-Bill,Early Childhood,not_applicable,None,Unknown,Unknown,Unknown,Unknown,Unknown,Unknown,Unknown,Unknown,0,0,false,,,,,,,,Dependent remains in the live personnel export; review scholarship/enrollment status manually.
dependent_on_payroll_review,medium,low,no warrior-candidate signal in compact summaries,d2ba6778-0b19-4a90-8504-d32e35cb9b6f,Lýdia Norman,Lýdia Norman,Camp Follower,,Dependent,None,Unknown,Unknown,Unknown,Unknown,Unknown,false,false,3041-11-02,Unknown,0 C-Bill,Early Childhood,not_applicable,None,Unknown,Unknown,Unknown,Unknown,Unknown,Unknown,Unknown,Unknown,0,0,false,,,,,,,,Dependent remains in the live personnel export; review scholarship/enrollment status manually.
dependent_on_payroll_review,medium,low,no warrior-candidate signal in compact summaries,73122c69-104d-4353-85b7-f597f75150ea,My-Chau Norman,My-Chau Norman,Camp Follower,,Dependent,None,Unknown,Unknown,Unknown,Unknown,Unknown,false,false,3041-11-02,Unknown,0 C-Bill,Early Childhood,not_applicable,None,Unknown,Unknown,Unknown,Unknown,Unknown,Unknown,Unknown,Unknown,0,0,false,,,,,,,,Dependent remains in the live personnel export; review scholarship/enrollment status manually.
dependent_on_payroll_review,medium,low,no warrior-candidate signal in compact summaries,bfed4b54-bc00-4161-a5fa-d95b80798304,Ti-an Pusey,Ti-an Pusey,Camp Follower,,Dependent,None,Unknown,Unknown,Unknown,Unknown,Unknown,false,false,3041-11-02,Unknown,0 C-Bill,Early Childhood,not_applicable,None,Unknown,Unknown,Unknown,Unknown,Unknown,Unknown,Unknown,Unknown,0,0,false,,,,,,,,Dependent remains in the live personnel export; review scholarship/enrollment status manually.
dependent_on_payroll_review,medium,low,no warrior-candidate signal in compact summaries,cedae5b6-e5bb-4df8-baa0-d9de17d0f0d8,Ralph Norman,Ralph Norman,Camp Follower,,Dependent,None,Unknown,Unknown,Unknown,Unknown,Unknown,false,false,3041-12-27,Unknown,0 C-Bill,Early Childhood,not_applicable,None,Unknown,Unknown,Unknown,Unknown,Unknown,Unknown,Unknown,Unknown,0,0,false,,,,,,,,Dependent remains in the live personnel export; review scholarship/enrollment status manually.
dependent_on_payroll_review,medium,low,no warrior-candidate signal in compact summaries,f3ce3a9c-37d0-4a29-99bf-a98eec245570,Aureli Tchato,Aureli Tchato,Camp Follower,,Dependent,None,Unknown,Unknown,Unknown,Unknown,Unknown,false,false,3042-01-01,Unknown,0 C-Bill,Early Childhood,not_applicable,None,Unknown,Unknown,Unknown,Unknown,Unknown,Unknown,Unknown,Unknown,0,0,false,,,,,,,,Dependent remains in the live personnel export; review scholarship/enrollment status manually.
dependent_on_payroll_review,medium,low,no warrior-candidate signal in compact summaries,1359b6ff-73a9-405a-9557-bcc8b0f17cdf,Bailee Losorata,Bailee Losorata,Camp Follower,,Dependent,None,Unknown,Unknown,Unknown,Unknown,Unknown,false,false,3042-01-01,Unknown,0 C-Bill,Early Childhood,not_applicable,None,Unknown,Unknown,Unknown,Unknown,Unknown,Unknown,Unknown,Unknown,0,0,false,,,,,,,,Dependent remains in the live personnel export; review scholarship/enrollment status manually.
dependent_on_payroll_review,medium,low,no warrior-candidate signal in compact summaries,3dcf8f91-0aef-4240-927d-5874a0f6bbde,Filareta Tchato,Filareta Tchato,Camp Follower,,Dependent,None,Unknown,Unknown,Unknown,Unknown,Unknown,false,false,3042-01-01,Unknown,0 C-Bill,College,not_applicable,None,Unknown,Unknown,Unknown,Unknown,Unknown,Unknown,Unknown,Unknown,0,0,false,,,Computers L1/FV8; Interest/Archeology L1/FV8; Investigation L1/FV8; Stealth L0/FV8,,,,,Dependent remains in the live personnel export; review scholarship/enrollment status manually.
dependent_on_payroll_review,medium,low,no warrior-candidate signal in compact summaries,655176a9-969d-4b8e-b5d7-3afeca605e72,Kimberly van Straaten,Kimberly van Straaten,Camp Follower,,Dependent,None,Unknown,Unknown,Unknown,Unknown,Unknown,false,false,3042-01-10,Unknown,0 C-Bill,Early Childhood,not_applicable,None,Unknown,Unknown,Unknown,Unknown,Unknown,Unknown,Unknown,Unknown,0,0,false,,,,,,,,Dependent remains in the live personnel export; review scholarship/enrollment status manually.
dependent_on_payroll_review,medium,low,no warrior-candidate signal in compact summaries,6d9f71c3-e48f-40fc-8499-6fa03eb7921f,Rafee Aufschauer,Rafee Aufschauer,Camp Follower,,Dependent,None,Unknown,Unknown,Unknown,Unknown,Unknown,false,false,3042-02-01,Unknown,0 C-Bill,College,not_applicable,None,Unknown,Unknown,Unknown,Unknown,Unknown,Unknown,Unknown,Unknown,0,0,false,,,Administration L2/FV6; Language/Any L1/FV7; Security Systems/Electronic L1/FV8; Survival/Any L1/FV8; Swimming L1/FV6,,,,,Dependent remains in the live personnel export; review scholarship/enrollment status manually.
dependent_on_payroll_review,medium,low,no warrior-candidate signal in compact summaries,f318960b-a696-4948-a4f8-e243c3ad17d1,Angelina Didier,Angelina Didier,Camp Follower,,Dependent,None,Unknown,Unknown,Unknown,Unknown,Unknown,false,false,3042-03-28,Unknown,0 C-Bill,Early Childhood,not_applicable,None,Unknown,Unknown,Unknown,Unknown,Unknown,Unknown,Unknown,Unknown,0,0,false,,,,,,,,Dependent remains in the live personnel export; review scholarship/enrollment status manually.
dependent_on_payroll_review,medium,low,no warrior-candidate signal in compact summaries,bff5030c-7bc2-4c89-9185-100c39f24edc,Chen-Yen Nguyen-Tan,Chen-Yen Nguyen-Tan,Camp Follower,,Dependent,None,Unknown,Unknown,Unknown,Unknown,Unknown,false,false,3042-03-28,Unknown,0 C-Bill,Early Childhood,not_applicable,None,Unknown,Unknown,Unknown,Unknown,Unknown,Unknown,Unknown,Unknown,0,0,false,,,,,,,,Dependent remains in the live personnel export; review scholarship/enrollment status manually.
dependent_on_payroll_review,medium,low,no warrior-candidate signal in compact summaries,d8ac993a-ed3c-411b-af2c-d03d4d4ec5bb,Richard Lamberts,Richard Lamberts,Camp Follower,,Dependent,None,Unknown,Unknown,Unknown,Unknown,Unknown,false,false,3042-04-11,Unknown,0 C-Bill,Early Childhood,not_applicable,None,Unknown,Unknown,Unknown,Unknown,Unknown,Unknown,Unknown,Unknown,0,0,false,,,,,,,,Dependent remains in the live personnel export; review scholarship/enrollment status manually.
dependent_on_payroll_review,medium,low,no warrior-candidate signal in compact summaries,c9e279a0-ffc1-4707-810d-cf625891687c,Zhong-shan Osmundsen,Zhong-shan Osmundsen,Camp Follower,,Dependent,None,Unknown,Unknown,Unknown,Unknown,Unknown,false,false,3042-04-25,Unknown,0 C-Bill,Early Childhood,not_applicable,None,Unknown,Unknown,Unknown,Unknown,Unknown,Unknown,Unknown,Unknown,0,0,false,,,,,,,,Dependent remains in the live personnel export; review scholarship/enrollment status manually.
dependent_on_payroll_review,medium,low,no warrior-candidate signal in compact summaries,57513d18-b935-4f0f-852d-9fd4161cc881,Bozidar Hartleben,Bozidar Hartleben,Camp Follower,,Dependent,None,Unknown,Unknown,Unknown,Unknown,Unknown,false,false,3042-05-23,Unknown,0 C-Bill,Early Childhood,not_applicable,None,Unknown,Unknown,Unknown,Unknown,Unknown,Unknown,Unknown,Unknown,0,0,false,,,,,,,,Dependent remains in the live personnel export; review scholarship/enrollment status manually.
dependent_on_payroll_review,medium,low,no warrior-candidate signal in compact summaries,beb60b2c-1d49-47f0-b7f6-620d0cf0a8c5,Zarina Loong,Zarina Loong,Camp Follower,,Dependent,None,Unknown,Unknown,Unknown,Unknown,Unknown,false,false,3042-05-23,Unknown,0 C-Bill,Early Childhood,not_applicable,None,Unknown,Unknown,Unknown,Unknown,Unknown,Unknown,Unknown,Unknown,0,0,false,,,,,,,,Dependent remains in the live personnel export; review scholarship/enrollment status manually.
dependent_on_payroll_review,medium,low,no warrior-candidate signal in compact summaries,9429fce2-8dc7-4c3f-abe2-f32cea029bf9,Bryant Bishr,Bryant Bishr,Camp Follower,,Dependent,None,Unknown,Unknown,Unknown,Unknown,Unknown,false,false,3042-07-18,Unknown,0 C-Bill,Early Childhood,not_applicable,None,Unknown,Unknown,Unknown,Unknown,Unknown,Unknown,Unknown,Unknown,0,0,false,,,,,,,,Dependent remains in the live personnel export; review scholarship/enrollment status manually.
dependent_on_payroll_review,medium,low,no warrior-candidate signal in compact summaries,8ac874eb-9121-4a4e-b1dd-950e39cbc066,Annabel Hanyak,Annabel Hanyak,Camp Follower,,Dependent,None,Unknown,Unknown,Unknown,Unknown,Unknown,false,false,3042-08-01,Unknown,0 C-Bill,Early Childhood,not_applicable,None,Unknown,Unknown,Unknown,Unknown,Unknown,Unknown,Unknown,Unknown,0,0,false,,,,,,,,Dependent remains in the live personnel export; review scholarship/enrollment status manually.
dependent_on_payroll_review,medium,low,no warrior-candidate signal in compact summaries,96a3adc1-9c04-4f2f-8671-ee00b73ede4a,Callie Komarov Sree,Callie Komarov Sree,Background Character,,Dependent,None,Unknown,Unknown,Unknown,Unknown,Unknown,true,false,3042-08-07,Unknown,25 C-Bill,Early Childhood,not_applicable,None,Unknown,Unknown,Unknown,Unknown,Unknown,Unknown,Unknown,Unknown,0,0,false,,,,,,,,Dependent remains in the live personnel export; review scholarship/enrollment status manually.
dependent_on_payroll_review,medium,low,no warrior-candidate signal in compact summaries,a160e8d8-9a6a-43a3-ab3d-85875802a382,Hee-Sun Komarov Sree,Hee-Sun Komarov Sree,Background Character,,Dependent,None,Unknown,Unknown,Unknown,Unknown,Unknown,true,false,3042-08-07,Unknown,25 C-Bill,High School,not_applicable,None,Unknown,Unknown,Unknown,Unknown,Unknown,Unknown,Unknown,Unknown,0,0,false,,,,,,,,Dependent remains in the live personnel export; review scholarship/enrollment status manually.
dependent_on_payroll_review,medium,low,no warrior-candidate signal in compact summaries,9813b5a0-0e96-44ee-abe8-85c17336f21a,Shui-Fong Yandell,Shui-Fong Yandell,Camp Follower,,Dependent,None,Unknown,Unknown,Unknown,Unknown,Unknown,false,false,3042-08-07,Unknown,0 C-Bill,Early Childhood,not_applicable,None,Unknown,Unknown,Unknown,Unknown,Unknown,Unknown,Unknown,Unknown,0,0,false,,,,,,,,Dependent remains in the live personnel export; review scholarship/enrollment status manually.
dependent_on_payroll_review,medium,low,no warrior-candidate signal in compact summaries,1ce83a09-6c3d-4ef4-b665-c00c8feb5618,Zdenko Komarov Sree,Zdenko Komarov Sree,Background Character,,Dependent,None,Unknown,Unknown,Unknown,Unknown,Unknown,true,false,3042-08-07,Unknown,25 C-Bill,College,not_applicable,None,Unknown,Unknown,Unknown,Unknown,Unknown,Unknown,Unknown,Unknown,0,0,false,,,,,,,,Dependent remains in the live personnel export; review scholarship/enrollment status manually.
dependent_on_payroll_review,medium,low,no warrior-candidate signal in compact summaries,6eb59cab-8d25-4ee7-bcb8-fb61d450307f,Charlie Lelyavsky,Charlie Lelyavsky,Camp Follower,,Dependent,None,Unknown,Unknown,Unknown,Unknown,Unknown,false,false,3042-08-24,Unknown,0 C-Bill,Early Childhood,not_applicable,None,Unknown,Unknown,Unknown,Unknown,Unknown,Unknown,Unknown,Unknown,0,0,false,,,,,,,,Dependent remains in the live personnel export; review scholarship/enrollment status manually.
dependent_on_payroll_review,medium,low,no warrior-candidate signal in compact summaries,f863544b-40b1-4812-b856-26363c6ad768,Deka Lelyavsky,Deka Lelyavsky,Camp Follower,,Dependent,None,Unknown,Unknown,Unknown,Unknown,Unknown,false,false,3042-08-24,Unknown,0 C-Bill,College,not_applicable,None,Unknown,Unknown,Unknown,Unknown,Unknown,Unknown,Unknown,Unknown,0,0,false,,,Acrobatics L1/FV5; Language/Any L1/FV6; Survival/Any L1/FV8; Swimming L2/FV5,,,,,Dependent remains in the live personnel export; review scholarship/enrollment status manually.
dependent_on_payroll_review,medium,low,no warrior-candidate signal in compact summaries,9e12d2a2-30ec-42ae-9e98-d88adc3d7dc9,Drew Correa,Drew Correa,Camp Follower,,Dependent,None,Unknown,Unknown,Unknown,Unknown,Unknown,false,false,3042-08-24,Unknown,0 C-Bill,High School,not_applicable,None,Unknown,Unknown,Unknown,Unknown,Unknown,Unknown,Unknown,Unknown,0,0,false,,,Career/Any L1/FV6,,,,,Dependent remains in the live personnel export; review scholarship/enrollment status manually.
dependent_on_payroll_review,medium,low,no warrior-candidate signal in compact summaries,e0c4d581-9424-402c-83e6-5abdbeff24c4,Zera Lao,Zera Lao,Camp Follower,,Dependent,None,Unknown,Unknown,Unknown,Unknown,Unknown,false,false,3042-09-01,Unknown,0 C-Bill,Early Childhood,not_applicable,None,Unknown,Unknown,Unknown,Unknown,Unknown,Unknown,Unknown,Unknown,0,0,false,,,,,,,,Dependent remains in the live personnel export; review scholarship/enrollment status manually.
dependent_on_payroll_review,medium,low,no warrior-candidate signal in compact summaries,3cb0e368-e90b-4f26-86a3-1c9ab22de68e,Fernão Abdul-Halim,Fernão Abdul-Halim,Camp Follower,,Dependent,None,Unknown,Unknown,Unknown,Unknown,Unknown,false,false,3042-09-05,Unknown,0 C-Bill,Early Childhood,not_applicable,None,Unknown,Unknown,Unknown,Unknown,Unknown,Unknown,Unknown,Unknown,0,0,false,,,,,,,,Dependent remains in the live personnel export; review scholarship/enrollment status manually.
dependent_on_payroll_review,medium,low,no warrior-candidate signal in compact summaries,91a3ca28-0468-453a-a835-a69a5b4eb7a3,Lawrence Bonelli,Lawrence Bonelli,Background Character,,Dependent,None,Unknown,Unknown,Unknown,Unknown,Unknown,true,false,3042-10-01,Unknown,25 C-Bill,High School,not_applicable,None,Unknown,Unknown,Unknown,Unknown,Unknown,Unknown,Unknown,Unknown,0,0,false,,,,,,,,Dependent remains in the live personnel export; review scholarship/enrollment status manually.
dependent_on_payroll_review,medium,low,no warrior-candidate signal in compact summaries,c213ca02-38b1-4824-a00b-8a487f49a5ee,Yong-sup Baxter,Yong-sup Baxter,Camp Follower,,Dependent,None,Unknown,Unknown,Unknown,Unknown,Unknown,false,false,3042-10-01,Unknown,0 C-Bill,Early Childhood,not_applicable,None,Unknown,Unknown,Unknown,Unknown,Unknown,Unknown,Unknown,Unknown,0,0,false,,,,,,,,Dependent remains in the live personnel export; review scholarship/enrollment status manually.
dependent_on_payroll_review,medium,low,no warrior-candidate signal in compact summaries,dc16e598-bd0b-493a-8177-a4dbe2c8dbbd,Éric Ökte,Éric Ökte,Camp Follower,,Dependent,None,Unknown,Unknown,Unknown,Unknown,Unknown,false,false,3042-10-01,Unknown,0 C-Bill,Early Childhood,not_applicable,None,Unknown,Unknown,Unknown,Unknown,Unknown,Unknown,Unknown,Unknown,0,0,false,,,,,,,,Dependent remains in the live personnel export; review scholarship/enrollment status manually.
dependent_on_payroll_review,medium,low,no warrior-candidate signal in compact summaries,d2dfcf20-f3bf-4da8-b35f-9377f6d351fd,Marc Nirupama,Marc Nirupama,Camp Follower,,Dependent,None,Unknown,Unknown,Unknown,Unknown,Unknown,false,false,3042-10-10,Unknown,0 C-Bill,Early Childhood,not_applicable,None,Unknown,Unknown,Unknown,Unknown,Unknown,Unknown,Unknown,Unknown,0,0,false,,,,,,,,Dependent remains in the live personnel export; review scholarship/enrollment status manually.
dependent_on_payroll_review,medium,low,no warrior-candidate signal in compact summaries,932c837e-aa9d-43c7-ad5a-14bd12f18bee,Nayara Pane,Nayara Pane,Camp Follower,,Dependent,None,Unknown,Unknown,Unknown,Unknown,Unknown,false,false,3042-10-17,Unknown,0 C-Bill,Early Childhood,not_applicable,None,Unknown,Unknown,Unknown,Unknown,Unknown,Unknown,Unknown,Unknown,0,0,false,,,,,,,,Dependent remains in the live personnel export; review scholarship/enrollment status manually.
dependent_on_payroll_review,medium,low,no warrior-candidate signal in compact summaries,1b346a64-b267-4ec7-a91b-fd819eb09105,Adrian Santrac,Adrian Santrac,Camp Follower,,Dependent,None,Unknown,Unknown,Unknown,Unknown,Unknown,false,false,3042-11-01,Unknown,0 C-Bill,Early Childhood,not_applicable,None,Unknown,Unknown,Unknown,Unknown,Unknown,Unknown,Unknown,Unknown,0,0,false,,,,,,,,Dependent remains in the live personnel export; review scholarship/enrollment status manually.
dependent_on_payroll_review,medium,low,no warrior-candidate signal in compact summaries,441d59fa-3552-4498-8090-cb741e729d9c,Cleo Santrac,Cleo Santrac,Camp Follower,,Dependent,None,Unknown,Unknown,Unknown,Unknown,Unknown,false,false,3042-11-01,Unknown,0 C-Bill,Early Childhood,not_applicable,None,Unknown,Unknown,Unknown,Unknown,Unknown,Unknown,Unknown,Unknown,0,0,false,,,,,,,,Dependent remains in the live personnel export; review scholarship/enrollment status manually.
dependent_on_payroll_review,medium,low,no warrior-candidate signal in compact summaries,268522ac-08af-462f-a2c0-bcea2b080417,Laura Santrac,Laura Santrac,Camp Follower,,Dependent,None,Unknown,Unknown,Unknown,Unknown,Unknown,false,false,3042-11-01,Unknown,0 C-Bill,Early Childhood,not_applicable,None,Unknown,Unknown,Unknown,Unknown,Unknown,Unknown,Unknown,Unknown,0,0,false,,,,,,,,Dependent remains in the live personnel export; review scholarship/enrollment status manually.
dependent_on_payroll_review,medium,low,no warrior-candidate signal in compact summaries,f6ae60f5-793d-4d84-8fff-4566c321f551,Alex Kelley,Alex Kelley,Camp Follower,,Dependent,None,Unknown,Unknown,Unknown,Unknown,Unknown,false,false,3042-11-07,Unknown,0 C-Bill,Early Childhood,not_applicable,None,Unknown,Unknown,Unknown,Unknown,Unknown,Unknown,Unknown,Unknown,0,0,false,,,,,,,,Dependent remains in the live personnel export; review scholarship/enrollment status manually.
dependent_on_payroll_review,medium,low,no warrior-candidate signal in compact summaries,034c5008-e09c-4b57-8df2-daac7fa3d971,Jannat Arikan,Jannat Arikan,Camp Follower,,Dependent,None,Unknown,Unknown,Unknown,Unknown,Unknown,false,false,3042-11-21,Unknown,0 C-Bill,Early Childhood,not_applicable,None,Unknown,Unknown,Unknown,Unknown,Unknown,Unknown,Unknown,Unknown,0,0,false,,,,,,,,Dependent remains in the live personnel export; review scholarship/enrollment status manually.
dependent_on_payroll_review,medium,low,no warrior-candidate signal in compact summaries,7dc6b0d7-b8da-495d-9238-eb001fc4119a,Jamila Mainaky,Jamila Mainaky,Camp Follower,,Dependent,None,Unknown,Unknown,Unknown,Unknown,Unknown,false,false,3042-12-01,Unknown,0 C-Bill,Early Childhood,not_applicable,None,Unknown,Unknown,Unknown,Unknown,Unknown,Unknown,Unknown,Unknown,0,0,false,,,,,,,,Dependent remains in the live personnel export; review scholarship/enrollment status manually.
dependent_on_payroll_review,medium,low,no warrior-candidate signal in compact summaries,26f92276-b5bf-42ac-bd9f-6e3e9dc699c2,Kristina Mainaky,Kristina Mainaky,Camp Follower,,Dependent,None,Unknown,Unknown,Unknown,Unknown,Unknown,false,false,3042-12-01,Unknown,0 C-Bill,Early Childhood,not_applicable,None,Unknown,Unknown,Unknown,Unknown,Unknown,Unknown,Unknown,Unknown,0,0,false,,,,,,,,Dependent remains in the live personnel export; review scholarship/enrollment status manually.
dependent_on_payroll_review,medium,low,no warrior-candidate signal in compact summaries,037a7d97-7b19-4218-bc83-6ec425280dfa,Quinn Mainaky,Quinn Mainaky,Camp Follower,,Dependent,None,Unknown,Unknown,Unknown,Unknown,Unknown,false,false,3042-12-01,Unknown,0 C-Bill,Early Childhood,not_applicable,None,Unknown,Unknown,Unknown,Unknown,Unknown,Unknown,Unknown,Unknown,0,0,false,,,,,,,,Dependent remains in the live personnel export; review scholarship/enrollment status manually.
dependent_on_payroll_review,medium,low,no warrior-candidate signal in compact summaries,f6b07674-7b6e-40d4-ae6d-330c04aee43e,Yseult Mainaky,Yseult Mainaky,Camp Follower,,Dependent,None,Unknown,Unknown,Unknown,Unknown,Unknown,false,false,3042-12-01,Unknown,0 C-Bill,Early Childhood,not_applicable,None,Unknown,Unknown,Unknown,Unknown,Unknown,Unknown,Unknown,Unknown,0,0,false,,,,,,,,Dependent remains in the live personnel export; review scholarship/enrollment status manually.
dependent_on_payroll_review,medium,low,no warrior-candidate signal in compact summaries,cb1c89eb-1b37-4b6a-a488-96368ac8f4ef,Riley Frearson,Riley Frearson,Camp Follower,,Dependent,None,Unknown,Unknown,Unknown,Unknown,Unknown,false,false,3043-01-16,Unknown,0 C-Bill,Early Childhood,not_applicable,None,Unknown,Unknown,Unknown,Unknown,Unknown,Unknown,Unknown,Unknown,0,0,false,,,,,,,,Dependent remains in the live personnel export; review scholarship/enrollment status manually.
dependent_on_payroll_review,medium,low,no warrior-candidate signal in compact summaries,b1b5cd08-7728-4aec-b66a-42f042c080f0,Ilori Sloan,Ilori Sloan,Camp Follower,,Dependent,None,Unknown,Unknown,Unknown,Unknown,Unknown,false,false,3043-02-01,Unknown,0 C-Bill,Early Childhood,not_applicable,None,Unknown,Unknown,Unknown,Unknown,Unknown,Unknown,Unknown,Unknown,0,0,false,,,,,,,,Dependent remains in the live personnel export; review scholarship/enrollment status manually.
dependent_on_payroll_review,medium,low,no warrior-candidate signal in compact summaries,953b0db3-0789-4b19-bb15-09f7c58a546a,Hisamitsu Moravia,Hisamitsu Moravia,Camp Follower,,Dependent,None,Unknown,Unknown,Unknown,Unknown,Unknown,false,false,3043-02-20,Unknown,0 C-Bill,Early Childhood,not_applicable,None,Unknown,Unknown,Unknown,Unknown,Unknown,Unknown,Unknown,Unknown,0,0,false,,,,,,,,Dependent remains in the live personnel export; review scholarship/enrollment status manually.
dependent_on_payroll_review,medium,low,no warrior-candidate signal in compact summaries,cd411209-e6f1-4f89-9004-f6d1c8c7af4a,John Ban,John Ban,Camp Follower,,Dependent,None,Unknown,Unknown,Unknown,Unknown,Unknown,false,false,3043-02-20,Unknown,0 C-Bill,Early Childhood,not_applicable,None,Unknown,Unknown,Unknown,Unknown,Unknown,Unknown,Unknown,Unknown,0,0,false,,,,,,,,Dependent remains in the live personnel export; review scholarship/enrollment status manually.
dependent_on_payroll_review,medium,low,no warrior-candidate signal in compact summaries,336e8ead-e6bb-4047-b6c2-8a23d4a70bc6,Kouko Kanetkar,Kouko Kanetkar,Camp Follower,,Dependent,None,Unknown,Unknown,Unknown,Unknown,Unknown,false,false,3043-03-20,Unknown,0 C-Bill,Early Childhood,not_applicable,None,Unknown,Unknown,Unknown,Unknown,Unknown,Unknown,Unknown,Unknown,0,0,false,,,,,,,,Dependent remains in the live personnel export; review scholarship/enrollment status manually.
dependent_on_payroll_review,medium,low,no warrior-candidate signal in compact summaries,01817c16-6ddf-4247-a2da-97a054ec0dca,Fujiyo Wu,Fujiyo Wu,Camp Follower,,Dependent,None,Unknown,Unknown,Unknown,Unknown,Unknown,false,false,3043-04-10,Unknown,0 C-Bill,Early Childhood,not_applicable,None,Unknown,Unknown,Unknown,Unknown,Unknown,Unknown,Unknown,Unknown,0,0,false,,,,,,,,Dependent remains in the live personnel export; review scholarship/enrollment status manually.
dependent_on_payroll_review,medium,low,no warrior-candidate signal in compact summaries,a316449b-3c86-4c50-b3b5-cd463b0b4782,Doris Didier,Doris Didier,Camp Follower,,Dependent,None,Unknown,Unknown,Unknown,Unknown,Unknown,false,false,3043-04-17,Unknown,0 C-Bill,Early Childhood,not_applicable,None,Unknown,Unknown,Unknown,Unknown,Unknown,Unknown,Unknown,Unknown,0,0,false,,,,,,,,Dependent remains in the live personnel export; review scholarship/enrollment status manually.
dependent_on_payroll_review,medium,low,no warrior-candidate signal in compact summaries,2df91fdb-73fc-4289-83c8-c6d604c73c45,Dwayne Troshani,Dwayne Troshani,Camp Follower,,Dependent,None,Unknown,Unknown,Unknown,Unknown,Unknown,false,false,3043-05-01,Unknown,0 C-Bill,High School,not_applicable,None,Unknown,Unknown,Unknown,Unknown,Unknown,Unknown,Unknown,Unknown,0,0,false,,,Acrobatics L2/FV5; Cryptography L2/FV6,,,,,Dependent remains in the live personnel export; review scholarship/enrollment status manually.
dependent_on_payroll_review,medium,low,no warrior-candidate signal in compact summaries,ca1580bc-a456-4512-9a49-2cbefec08481,Mary Pritchitt,Mary Pritchitt,Camp Follower,,Dependent,None,Unknown,Unknown,Unknown,Unknown,Unknown,false,false,3043-05-01,Unknown,0 C-Bill,Early Childhood,not_applicable,None,Unknown,Unknown,Unknown,Unknown,Unknown,Unknown,Unknown,Unknown,0,0,false,,,,,,,,Dependent remains in the live personnel export; review scholarship/enrollment status manually.
dependent_on_payroll_review,medium,low,no warrior-candidate signal in compact summaries,e6ef4cf0-e1ba-407d-bbf4-2b7e7662e877,Mike Kampan,Mike Kampan,Camp Follower,,Dependent,None,Unknown,Unknown,Unknown,Unknown,Unknown,false,false,3043-05-01,Unknown,0 C-Bill,College,not_applicable,None,Unknown,Unknown,Unknown,Unknown,Unknown,Unknown,Unknown,Unknown,0,0,false,,,,,,,,Dependent remains in the live personnel export; review scholarship/enrollment status manually.
dependent_on_payroll_review,medium,low,no warrior-candidate signal in compact summaries,c023084e-38d7-4797-8490-10d2d1146f63,Ghazala Hartleben,Ghazala Hartleben,Camp Follower,,Dependent,None,Unknown,Unknown,Unknown,Unknown,Unknown,false,false,3043-05-29,Unknown,0 C-Bill,Early Childhood,not_applicable,None,Unknown,Unknown,Unknown,Unknown,Unknown,Unknown,Unknown,Unknown,0,0,false,,,,,,,,Dependent remains in the live personnel export; review scholarship/enrollment status manually.
dependent_on_payroll_review,medium,low,no warrior-candidate signal in compact summaries,314d73b5-3008-4df4-8e34-7a6b5ff24c1f,Inessa Robinson,Inessa Robinson,Camp Follower,,Dependent,None,Unknown,Unknown,Unknown,Unknown,Unknown,false,false,3043-07-10,Unknown,0 C-Bill,Early Childhood,not_applicable,None,Unknown,Unknown,Unknown,Unknown,Unknown,Unknown,Unknown,Unknown,0,0,false,,,,,,,,Dependent remains in the live personnel export; review scholarship/enrollment status manually.
dependent_on_payroll_review,medium,low,no warrior-candidate signal in compact summaries,86ad9a99-8f69-476a-b806-6f4ebd1fd476,Belarmino Simcox,Belarmino Simcox,Camp Follower,,Dependent,None,Unknown,Unknown,Unknown,Unknown,Unknown,false,false,3043-08-28,Unknown,0 C-Bill,Early Childhood,not_applicable,None,Unknown,Unknown,Unknown,Unknown,Unknown,Unknown,Unknown,Unknown,0,0,false,,,,,,,,Dependent remains in the live personnel export; review scholarship/enrollment status manually.
dependent_on_payroll_review,medium,low,no warrior-candidate signal in compact summaries,4d972358-6c91-46c3-95d5-a5dcf2c76736,Cherise Margoes,Cherise Margoes,Camp Follower,,Dependent,None,Unknown,Unknown,Unknown,Unknown,Unknown,false,false,3043-09-01,Unknown,0 C-Bill,High School,not_applicable,None,Unknown,Unknown,Unknown,Unknown,Unknown,Unknown,Unknown,Unknown,0,0,false,,,,,,,,Dependent remains in the live personnel export; review scholarship/enrollment status manually.
dependent_on_payroll_review,medium,low,no warrior-candidate signal in compact summaries,ee9c75a9-425a-4dd0-9c74-cf5e9e0a6971,Emma Creek,Emma Creek,Camp Follower,,Dependent,None,Unknown,Unknown,Unknown,Unknown,Unknown,false,false,3043-09-11,Unknown,0 C-Bill,College,not_applicable,None,Unknown,Unknown,Unknown,Unknown,Unknown,Unknown,Unknown,Unknown,0,0,false,,,Career/Any L1/FV6; Computers L2/FV7; Interest/Cartography L1/FV8; Interrogation L0/FV8; Protocols/Any L1/FV6; Swimming L2/FV5,,,,,Dependent remains in the live personnel export; review scholarship/enrollment status manually.
dependent_on_payroll_review,medium,low,no warrior-candidate signal in compact summaries,cc5faacb-be96-4db7-9926-555ca63c29ee,Cressida Ohon,Cressida Ohon,Camp Follower,,Dependent,None,Unknown,Unknown,Unknown,Unknown,Unknown,false,false,3043-09-25,Unknown,0 C-Bill,Early Childhood,not_applicable,None,Unknown,Unknown,Unknown,Unknown,Unknown,Unknown,Unknown,Unknown,0,0,false,,,,,,,,Dependent remains in the live personnel export; review scholarship/enrollment status manually.
dependent_on_payroll_review,medium,low,no warrior-candidate signal in compact summaries,4c59b229-aac4-4a88-8ec3-6f5a62d12e4c,Samantha Walkowski,Samantha Walkowski,Camp Follower,,Dependent,None,Unknown,Unknown,Unknown,Unknown,Unknown,false,false,3043-09-25,Unknown,0 C-Bill,Early Childhood,not_applicable,None,Unknown,Unknown,Unknown,Unknown,Unknown,Unknown,Unknown,Unknown,0,0,false,,,,,,,,Dependent remains in the live personnel export; review scholarship/enrollment status manually.
dependent_on_payroll_review,medium,low,no warrior-candidate signal in compact summaries,25fa283b-d81c-4c72-94fe-3a666fab8bf1,Finbar Jen,Finbar Jen,Camp Follower,,Dependent,None,Unknown,Unknown,Unknown,Unknown,Unknown,false,false,3043-10-02,Unknown,0 C-Bill,Early Childhood,not_applicable,None,Unknown,Unknown,Unknown,Unknown,Unknown,Unknown,Unknown,Unknown,0,0,false,,,,,,,,Dependent remains in the live personnel export; review scholarship/enrollment status manually.
dependent_on_payroll_review,medium,low,no warrior-candidate signal in compact summaries,4245132a-d379-4210-97ed-79386abe1793,Bhargava Batkin,Bhargava Batkin,Camp Follower,,Dependent,None,Unknown,Unknown,Unknown,Unknown,Unknown,false,false,3043-10-11,Unknown,0 C-Bill,Early Childhood,not_applicable,None,Unknown,Unknown,Unknown,Unknown,Unknown,Unknown,Unknown,Unknown,0,0,false,,,,,,,,Dependent remains in the live personnel export; review scholarship/enrollment status manually.
dependent_on_payroll_review,medium,low,no warrior-candidate signal in compact summaries,1da9f5ca-a9d2-4c41-af0a-c7a7d6205bb5,Chuck Batkin,Chuck Batkin,Camp Follower,,Dependent,None,Unknown,Unknown,Unknown,Unknown,Unknown,false,false,3043-10-11,Unknown,0 C-Bill,Early Childhood,not_applicable,None,Unknown,Unknown,Unknown,Unknown,Unknown,Unknown,Unknown,Unknown,0,0,false,,,,,,,,Dependent remains in the live personnel export; review scholarship/enrollment status manually.
dependent_on_payroll_review,medium,low,no warrior-candidate signal in compact summaries,a42687a4-ddca-4954-b5bf-ec0e83bb4d8e,Minoru Batkin,Minoru Batkin,Camp Follower,,Dependent,None,Unknown,Unknown,Unknown,Unknown,Unknown,false,false,3043-10-11,Unknown,0 C-Bill,Early Childhood,not_applicable,None,Unknown,Unknown,Unknown,Unknown,Unknown,Unknown,Unknown,Unknown,0,0,false,,,,,,,,Dependent remains in the live personnel export; review scholarship/enrollment status manually.
dependent_on_payroll_review,medium,low,no warrior-candidate signal in compact summaries,89bd15a8-bd7c-43c8-8d3b-fe932195e815,Mui-San MacCoskery,Mui-San MacCoskery,Camp Follower,,Dependent,None,Unknown,Unknown,Unknown,Unknown,Unknown,false,false,3043-10-11,Unknown,0 C-Bill,Early Childhood,not_applicable,None,Unknown,Unknown,Unknown,Unknown,Unknown,Unknown,Unknown,Unknown,0,0,false,,,,,,,,Dependent remains in the live personnel export; review scholarship/enrollment status manually.
dependent_on_payroll_review,medium,low,no warrior-candidate signal in compact summaries,ef064d25-f745-411f-a6d4-26e0a11687c3,Pleurat MacCoskery,Pleurat MacCoskery,Camp Follower,,Dependent,None,Unknown,Unknown,Unknown,Unknown,Unknown,false,false,3043-10-11,Unknown,0 C-Bill,Early Childhood,not_applicable,None,Unknown,Unknown,Unknown,Unknown,Unknown,Unknown,Unknown,Unknown,0,0,false,,,,,,,,Dependent remains in the live personnel export; review scholarship/enrollment status manually.
dependent_on_payroll_review,medium,low,no warrior-candidate signal in compact summaries,445c5926-16d0-49da-842c-eddc3311e65d,Saito MacCoskery,Saito MacCoskery,Camp Follower,,Dependent,None,Unknown,Unknown,Unknown,Unknown,Unknown,false,false,3043-10-11,Unknown,0 C-Bill,Early Childhood,not_applicable,None,Unknown,Unknown,Unknown,Unknown,Unknown,Unknown,Unknown,Unknown,0,0,false,,,,,,,,Dependent remains in the live personnel export; review scholarship/enrollment status manually.
dependent_on_payroll_review,medium,low,no warrior-candidate signal in compact summaries,79402bb8-4d24-4398-9fbc-895e2934a5d0,Shamita Batkin,Shamita Batkin,Camp Follower,,Dependent,None,Unknown,Unknown,Unknown,Unknown,Unknown,false,false,3043-10-11,Unknown,0 C-Bill,Early Childhood,not_applicable,None,Unknown,Unknown,Unknown,Unknown,Unknown,Unknown,Unknown,Unknown,0,0,false,,,,,,,,Dependent remains in the live personnel export; review scholarship/enrollment status manually.
dependent_on_payroll_review,medium,low,no warrior-candidate signal in compact summaries,3599894b-8f73-4c8b-ac02-0fd5fd357f80,Sherwood MacCoskery,Sherwood MacCoskery,Camp Follower,,Dependent,None,Unknown,Unknown,Unknown,Unknown,Unknown,false,false,3043-10-11,Unknown,0 C-Bill,Early Childhood,not_applicable,None,Unknown,Unknown,Unknown,Unknown,Unknown,Unknown,Unknown,Unknown,0,0,false,,,,,,,,Dependent remains in the live personnel export; review scholarship/enrollment status manually.
dependent_on_payroll_review,medium,low,no warrior-candidate signal in compact summaries,eb7e97a1-ee0b-405c-8c73-4be5a15a5731,Radomira Hrusovsky,Radomira Hrusovsky,Camp Follower,,Dependent,None,Unknown,Unknown,Unknown,Unknown,Unknown,false,false,3043-11-01,Unknown,0 C-Bill,High School,not_applicable,None,Unknown,Unknown,Unknown,Unknown,Unknown,Unknown,Unknown,Unknown,0,0,false,,,,,,,,Dependent remains in the live personnel export; review scholarship/enrollment status manually.
dependent_on_payroll_review,medium,low,no warrior-candidate signal in compact summaries,af9ba4ca-1e88-48e9-9370-158e8aa44b37,Reinhart Karlsen,Reinhart Karlsen,Camp Follower,,Dependent,None,Unknown,Unknown,Unknown,Unknown,Unknown,false,false,3043-11-01,Unknown,0 C-Bill,High School,not_applicable,None,Unknown,Unknown,Unknown,Unknown,Unknown,Unknown,Unknown,Unknown,0,0,false,,,Animal Handling L1/FV6; Protocols/Any L2/FV5,,,,,Dependent remains in the live personnel export; review scholarship/enrollment status manually.
dependent_on_payroll_review,medium,low,no warrior-candidate signal in compact summaries,5f4bfc29-cf60-4c98-b36f-0185b79bee3f,Ahjmed Norman,Ahjmed Norman,Camp Follower,,Dependent,None,Unknown,Unknown,Unknown,Unknown,Unknown,false,false,3043-11-06,Unknown,0 C-Bill,Early Childhood,not_applicable,None,Unknown,Unknown,Unknown,Unknown,Unknown,Unknown,Unknown,Unknown,0,0,false,,,,,,,,Dependent remains in the live personnel export; review scholarship/enrollment status manually.
dependent_on_payroll_review,medium,low,no warrior-candidate signal in compact summaries,e3162bbc-9632-405d-96a2-86d3ec788a9e,Bing Birand,Bing Birand,Camp Follower,,Dependent,None,Unknown,Unknown,Unknown,Unknown,Unknown,false,false,3043-11-06,Unknown,0 C-Bill,Early Childhood,not_applicable,None,Unknown,Unknown,Unknown,Unknown,Unknown,Unknown,Unknown,Unknown,0,0,false,,,,,,,,Dependent remains in the live personnel export; review scholarship/enrollment status manually.
dependent_on_payroll_review,medium,low,no warrior-candidate signal in compact summaries,11a86355-37e4-449b-8f05-2259dca3a453,Amata Søbstad,Amata Søbstad,Camp Follower,,Dependent,None,Unknown,Unknown,Unknown,Unknown,Unknown,false,false,3043-12-04,Unknown,0 C-Bill,Early Childhood,not_applicable,None,Unknown,Unknown,Unknown,Unknown,Unknown,Unknown,Unknown,Unknown,0,0,false,,,,,,,,Dependent remains in the live personnel export; review scholarship/enrollment status manually.
departed_dependent,low,low,no warrior-candidate signal in compact summaries,08ca911c-1c9b-4bbf-8ac5-b35d16c75ad7,Betty González,Betty González,Left,,Dependent,None,Unknown,Unknown,Unknown,Unknown,Unknown,true,false,3025-01-01,Unknown,25 C-Bill,Early Childhood,not_applicable,None,Unknown,Unknown,Unknown,Unknown,Unknown,Unknown,Unknown,Unknown,0,0,false,,,Art/Singing L0/FV9; Career/Any L0/FV7; Language/Any L1/FV7,,Iron Man (Unofficial),,,Dependent is no longer with the command; keep historical only unless the table says they returned.
departed_dependent,low,low,no warrior-candidate signal in compact summaries,ae0d6d35-d6c3-45de-9965-633d810fdc2d,Caoimhín MacLachlan,Caoimhín MacLachlan,Left,,Dependent,None,Unknown,Unknown,Unknown,Unknown,Unknown,true,false,3025-01-01,Unknown,25 C-Bill,Early Childhood,not_applicable,None,Unknown,Unknown,Unknown,Unknown,Unknown,Unknown,Unknown,Unknown,0,0,false,,,Animal Handling L2/FV6; Survival/Any L1/FV8,,Trivial Compulsion - Hatred of Authority (ATOW); Transit Disorientation Syndrome (ATOW),,,Dependent is no longer with the command; keep historical only unless the table says they returned.
departed_dependent,low,low,no warrior-candidate signal in compact summaries,3ddcda53-a2f1-4299-ad9d-edd42fba46b4,Cecílie Kieu,Cecílie Kieu,Left,,Dependent,None,Unknown,Unknown,Unknown,Unknown,Unknown,true,false,3025-01-01,Unknown,25 C-Bill,Early Childhood,not_applicable,None,Unknown,Unknown,Unknown,Unknown,Unknown,Unknown,Unknown,Unknown,0,0,false,,,Animal Handling L1/FV7; Career/Any L1/FV6; Computers L0/FV9,,Forward Observer (CamOps),,,Dependent is no longer with the command; keep historical only unless the table says they returned.
departed_dependent,low,low,no warrior-candidate signal in compact summaries,d91c4ef0-9b5d-4228-acc7-e31bdb16eca6,Delores Szczepanski,Delores Szczepanski,Left,,Dependent,None,Unknown,Unknown,Unknown,Unknown,Unknown,true,false,3025-01-01,Unknown,25 C-Bill,Early Childhood,not_applicable,None,Unknown,Unknown,Unknown,Unknown,Unknown,Unknown,Unknown,Unknown,0,0,false,,,Interrogation L1/FV8; Language/Any L1/FV7; Science/Other L2/FV7,,Mediator (Unofficial),,,Dependent is no longer with the command; keep historical only unless the table says they returned.
departed_dependent,low,low,no warrior-candidate signal in compact summaries,4f475a37-5e79-4a84-81fe-b8ef5e60cf7d,Ghaaliba Rüdiger,Ghaaliba Rüdiger,Left,,Dependent,None,Unknown,Unknown,Unknown,Unknown,Unknown,true,false,3025-01-01,Unknown,25 C-Bill,High School,not_applicable,None,Unknown,Unknown,Unknown,Unknown,Unknown,Unknown,Unknown,Unknown,0,0,false,,,,,Compromised Immune System (Unofficial),,,Dependent is no longer with the command; keep historical only unless the table says they returned.
departed_dependent,low,low,no warrior-candidate signal in compact summaries,dcaa1088-f1a1-4c7e-aae1-715000ffe139,Liam Chyba,Liam Chyba,Left,,Dependent,None,Unknown,Unknown,Unknown,Unknown,Unknown,true,false,3025-01-01,Unknown,25 C-Bill,Early Childhood,not_applicable,None,Unknown,Unknown,Unknown,Unknown,Unknown,Unknown,Unknown,Unknown,0,0,false,,,Animal Handling L1/FV7; Career/Any L1/FV6; Interest/Theology L0/FV9,,Fit (ATOW),,,Dependent is no longer with the command; keep historical only unless the table says they returned.
departed_dependent,low,low,no warrior-candidate signal in compact summaries,d38d0206-034a-47a4-9fa0-f52d418b830c,Luighseach Maitani,Luighseach Maitani,Left,,Dependent,None,Unknown,Unknown,Unknown,Unknown,Unknown,true,false,3025-01-01,Unknown,25 C-Bill,Early Childhood,not_applicable,None,Unknown,Unknown,Unknown,Unknown,Unknown,Unknown,Unknown,Unknown,0,0,false,,,Language/Any L1/FV7,,Pathologic Insight (Unofficial),,,Dependent is no longer with the command; keep historical only unless the table says they returned.
departed_dependent,low,low,no warrior-candidate signal in compact summaries,d9492f2c-41e8-409c-a0e8-2fb1f71bb704,Martha Mattiasson,Martha Mattiasson,Left,,Dependent,None,Unknown,Unknown,Unknown,Unknown,Unknown,true,false,3025-01-01,Unknown,25 C-Bill,Early Childhood,not_applicable,None,Unknown,Unknown,Unknown,Unknown,Unknown,Unknown,Unknown,Unknown,0,0,false,,,,,Eagle's Eyes (CamOps),,,Dependent is no longer with the command; keep historical only unless the table says they returned.
departed_dependent,low,low,no warrior-candidate signal in compact summaries,c6419d70-a43a-4e30-b65f-0c95be338df7,Mei-shan Nozdrevatykh,Mei-shan Nozdrevatykh,Left,,Dependent,None,Unknown,Unknown,Unknown,Unknown,Unknown,true,false,3025-01-01,Unknown,25 C-Bill,Early Childhood,not_applicable,None,Unknown,Unknown,Unknown,Unknown,Unknown,Unknown,Unknown,Unknown,0,0,false,,,Career/Any L2/FV5; Computers L2/FV7; Running L1/FV6; Survival/Any L2/FV7,,Fit (ATOW),,,Dependent is no longer with the command; keep historical only unless the table says they returned.
departed_dependent,low,low,no warrior-candidate signal in compact summaries,b15a0795-f32f-4ca7-b6a1-1df23492584a,My Markham,My Markham,Left,,Dependent,None,Unknown,Unknown,Unknown,Unknown,Unknown,true,false,3025-01-01,Unknown,25 C-Bill,Early Childhood,not_applicable,None,Unknown,Unknown,Unknown,Unknown,Unknown,Unknown,Unknown,Unknown,0,0,false,,,Animal Handling L1/FV7; Art/Sculpture L2/FV7; Protocols/Any L1/FV7; Running L0/FV7; Security Systems/Mechanical L1/FV8; Survival/Any L1/FV8; Swimming L2/FV5,,Mutation - Exotic Yet Pleasing Appearance (ATOW:Companion),,,Dependent is no longer with the command; keep historical only unless the table says they returned.
departed_dependent,low,low,no warrior-candidate signal in compact summaries,95cc7ee6-a885-493d-a27f-eba11b186cc3,Naja Kieu,Naja Kieu,Left,,Dependent,None,Unknown,Unknown,Unknown,Unknown,Unknown,true,false,3025-01-01,Unknown,25 C-Bill,Early Childhood,not_applicable,None,Unknown,Unknown,Unknown,Unknown,Unknown,Unknown,Unknown,Unknown,0,0,false,,,Career/Any L1/FV6; Computers L0/FV9; Streetwise/Any L1/FV7,,Exceptional Attribute - Strength (ATOW),,,Dependent is no longer with the command; keep historical only unless the table says they returned.
departed_dependent,low,low,no warrior-candidate signal in compact summaries,0cb03d77-2237-40b4-90e3-11632afdcfeb,Nartouhi Honig,Nartouhi Honig,Left,,Dependent,None,Unknown,Unknown,Unknown,Unknown,Unknown,true,false,3025-01-01,Unknown,25 C-Bill,High School,not_applicable,None,Unknown,Unknown,Unknown,Unknown,Unknown,Unknown,Unknown,Unknown,0,0,false,,,,,,,,Dependent is no longer with the command; keep historical only unless the table says they returned.
departed_dependent,low,low,no warrior-candidate signal in compact summaries,25a929df-1419-45f4-ac3a-bac48140085a,Shenouda Mattiasson,Shenouda Mattiasson,Left,,Dependent,None,Unknown,Unknown,Unknown,Unknown,Unknown,true,false,3025-01-01,Unknown,25 C-Bill,Early Childhood,not_applicable,None,Unknown,Unknown,Unknown,Unknown,Unknown,Unknown,Unknown,Unknown,0,0,false,,,Career/Any L1/FV6; Computers L1/FV6; Cryptography L2/FV6; Language/Any L1/FV7,,Patient (ATOW:Companion),,,Dependent is no longer with the command; keep historical only unless the table says they returned.
departed_dependent,low,low,no warrior-candidate signal in compact summaries,0bc9dcb9-5a2e-471b-bde1-f778b8e7771c,Sreten Kieu,Sreten Kieu,Left,,Dependent,None,Unknown,Unknown,Unknown,Unknown,Unknown,true,false,3025-01-01,Unknown,25 C-Bill,Early Childhood,not_applicable,None,Unknown,Unknown,Unknown,Unknown,Unknown,Unknown,Unknown,Unknown,0,0,false,,,Art/Poetry L1/FV8; Interrogation L1/FV6; Streetwise/Any L1/FV5,,Attractive (ATOW),,,Dependent is no longer with the command; keep historical only unless the table says they returned.
departed_dependent,low,low,no warrior-candidate signal in compact summaries,c8437785-d9d4-45fb-a502-4b0a5e52c933,Thomas Jonkieson,Thomas Jonkieson,Left,,Dependent,None,Unknown,Unknown,Unknown,Unknown,Unknown,true,false,3025-01-01,Unknown,25 C-Bill,Early Childhood,not_applicable,None,Unknown,Unknown,Unknown,Unknown,Unknown,Unknown,Unknown,Unknown,0,0,false,,,Cryptography L2/FV7; Interrogation L0/FV9; Running L1/FV6; Science/Pharmacology L1/FV8; Streetwise/Any L2/FV6,,Poor Vision (ATOW),,,Dependent is no longer with the command; keep historical only unless the table says they returned.
departed_dependent,low,low,no warrior-candidate signal in compact summaries,8d80a336-f9ac-4d6f-82dc-b6f0d8fda13b,Aileen Taksa,Aileen Taksa,Left,,Dependent,None,Unknown,Unknown,Unknown,Unknown,Unknown,true,false,3025-02-01,Unknown,25 C-Bill,Early Childhood,not_applicable,None,Unknown,Unknown,Unknown,Unknown,Unknown,Unknown,Unknown,Unknown,0,0,false,,,Protocols/Any L1/FV8,,Trivial Compulsion - Racism (ATOW),,,Dependent is no longer with the command; keep historical only unless the table says they returned.
departed_dependent,low,low,no warrior-candidate signal in compact summaries,6965a221-67e5-404f-b99b-27e377dfc6e5,Kenny Taksa,Kenny Taksa,Left,,Dependent,None,Unknown,Unknown,Unknown,Unknown,Unknown,true,false,3025-02-01,Unknown,25 C-Bill,Early Childhood,not_applicable,None,Unknown,Unknown,Unknown,Unknown,Unknown,Unknown,Unknown,Unknown,0,0,false,,,Animal Handling L2/FV6; Survival/Any L1/FV8,,Alternate ID (ATOW),,,Dependent is no longer with the command; keep historical only unless the table says they returned.
departed_dependent,low,low,no warrior-candidate signal in compact summaries,16e86c23-d5d9-4296-8295-4ab10977804f,Ham-Tieu Beiro,Ham-Tieu Beiro,Left,,Dependent,None,Unknown,Unknown,Unknown,Unknown,Unknown,true,false,3025-04-25,Unknown,25 C-Bill,Early Childhood,not_applicable,None,Unknown,Unknown,Unknown,Unknown,Unknown,Unknown,Unknown,Unknown,0,0,false,,,Cryptography L1/FV8; Interrogation L0/FV9,,Terrain Master [Mountaineer] (CamOps),,,Dependent is no longer with the command; keep historical only unless the table says they returned.
departed_dependent,low,low,no warrior-candidate signal in compact summaries,2998ce27-9334-4216-bb45-3880c3acc714,Britney Go,Britney Go,Left,,Dependent,None,Unknown,Unknown,Unknown,Unknown,Unknown,true,false,3025-08-21,Unknown,25 C-Bill,Early Childhood,not_applicable,None,Unknown,Unknown,Unknown,Unknown,Unknown,Unknown,Unknown,Unknown,0,0,false,,,Acrobatics L1/FV6; Animal Handling L1/FV7; Streetwise/Any L1/FV7; Survival/Any L0/FV9,,Significant Compulsion - Hates Mercenaries (ATOW),,,Dependent is no longer with the command; keep historical only unless the table says they returned.
departed_dependent,low,low,no warrior-candidate signal in compact summaries,d7f1eb42-771e-43ea-b18e-c46bb5e853a4,Kyuso Fida,Kyuso Fida,Left,,Dependent,None,Unknown,Unknown,Unknown,Unknown,Unknown,true,false,3025-08-21,Unknown,25 C-Bill,Early Childhood,not_applicable,None,Unknown,Unknown,Unknown,Unknown,Unknown,Unknown,Unknown,Unknown,0,0,false,,,Animal Handling L1/FV7; Science/Military L1/FV8,,Scrounge (Unofficial),,,Dependent is no longer with the command; keep historical only unless the table says they returned.
departed_dependent,low,low,no warrior-candidate signal in compact summaries,e2544a31-40ea-47be-922b-4b6d7eb5074f,Li-xue Go,Li-xue Go,Left,,Dependent,None,Unknown,Unknown,Unknown,Unknown,Unknown,true,false,3025-08-21,Unknown,25 C-Bill,Early Childhood,not_applicable,None,Unknown,Unknown,Unknown,Unknown,Unknown,Unknown,Unknown,Unknown,0,0,false,,,Art/Cooking L1/FV8; Interrogation L1/FV8,,Forward Observer (CamOps),,,Dependent is no longer with the command; keep historical only unless the table says they returned.
departed_dependent,low,low,no warrior-candidate signal in compact summaries,782dedd5-4c44-4f50-837c-f60dac1b3fdc,Taifa Shinohara,Taifa Shinohara,Left,,Dependent,None,Unknown,Unknown,Unknown,Unknown,Unknown,true,false,3025-08-29,Unknown,25 C-Bill,Early Childhood,not_applicable,None,Unknown,Unknown,Unknown,Unknown,Unknown,Unknown,Unknown,Unknown,0,0,false,,,Animal Handling L1/FV7; Career/Any L1/FV6; Interest/Military L1/FV8; Language/Any L2/FV6,,Terrain Master [Frogman] (CamOps),,,Dependent is no longer with the command; keep historical only unless the table says they returned.
departed_dependent,low,low,no warrior-candidate signal in compact summaries,3dcb9d52-6671-4bb9-9d09-5884efcd9209,Gottfried Castro,Gottfried Castro,Left,,Dependent,None,Unknown,Unknown,Unknown,Unknown,Unknown,true,false,3026-01-23,Unknown,25 C-Bill,Early Childhood,not_applicable,None,Unknown,Unknown,Unknown,Unknown,Unknown,Unknown,Unknown,Unknown,0,0,false,,,Streetwise/Any L2/FV6; Swimming L2/FV5,,Exceptional Attribute - Willpower (ATOW),,,Dependent is no longer with the command; keep historical only unless the table says they returned.
departed_dependent,low,low,no warrior-candidate signal in compact summaries,d36fa1f3-1423-48c9-bd84-6dfa0c898f17,Danny Steggall,Danny Steggall,Left,,Dependent,None,Unknown,Unknown,Unknown,Unknown,Unknown,true,false,3027-09-02,Unknown,25 C-Bill,Early Childhood,not_applicable,None,Unknown,Unknown,Unknown,Unknown,Unknown,Unknown,Unknown,Unknown,0,0,false,,,Cryptography L1/FV8; Language/Any L1/FV7; Science/Military L1/FV8; Streetwise/Any L1/FV7,,Transport Negotiator (Unofficial),,,Dependent is no longer with the command; keep historical only unless the table says they returned.
departed_dependent,low,low,no warrior-candidate signal in compact summaries,970e7279-057b-4fd9-9bc3-945919e31376,Hetal Javison,Hetal Javison,Left,,Dependent,None,Unknown,Unknown,Unknown,Unknown,Unknown,true,false,3030-05-01,Unknown,25 C-Bill,Early Childhood,not_applicable,None,Unknown,Unknown,Unknown,Unknown,Unknown,Unknown,Unknown,Unknown,0,0,false,,,Acrobatics L0/FV7; Art/Painting L1/FV8; Interrogation L2/FV7; Language/Any L1/FV7,,Significant Compulsion - Hates the Clans/Aliens (ATOW),,,Dependent is no longer with the command; keep historical only unless the table says they returned.
departed_dependent,low,low,no warrior-candidate signal in compact summaries,fe4cfe19-1b1c-4ffd-882c-3f3fddb32880,Kajsa Bari,Kajsa Bari,Left,,Dependent,None,Unknown,Unknown,Unknown,Unknown,Unknown,true,false,3031-05-01,Unknown,25 C-Bill,Early Childhood,not_applicable,None,Unknown,Unknown,Unknown,Unknown,Unknown,Unknown,Unknown,Unknown,0,0,false,,,Swimming L0/FV7,,Mr/Ms Fix-it (Unofficial),,,Dependent is no longer with the command; keep historical only unless the table says they returned.
departed_dependent,low,low,no warrior-candidate signal in compact summaries,2e4799fd-2c4a-4a3e-a561-ae7e040e30fc,Marjan Anstruther,Marjan Anstruther,Left,,Dependent,None,Unknown,Unknown,Unknown,Unknown,Unknown,true,false,3032-07-01,Unknown,25 C-Bill,High School,not_applicable,None,Unknown,Unknown,Unknown,Unknown,Unknown,Unknown,Unknown,Unknown,0,0,false,,,,,,,,Dependent is no longer with the command; keep historical only unless the table says they returned.
departed_dependent,low,low,no warrior-candidate signal in compact summaries,ef765f8d-e58c-4392-802a-8992a513ccdc,Omega Harmon,Omega Harmon,Left,,Dependent,None,Unknown,Unknown,Unknown,Unknown,Unknown,true,false,3032-07-01,Unknown,25 C-Bill,High School,not_applicable,None,Unknown,Unknown,Unknown,Unknown,Unknown,Unknown,Unknown,Unknown,0,0,false,,,,,,,,Dependent is no longer with the command; keep historical only unless the table says they returned.
departed_dependent,low,low,no warrior-candidate signal in compact summaries,bc8f12a1-baf2-4bcd-8a43-d94fd6d6fa48,Simbra Rao,Simbra Rao,Left,,Dependent,None,Unknown,Unknown,Unknown,Unknown,Unknown,true,false,3032-07-01,Unknown,25 C-Bill,College,not_applicable,None,Unknown,Unknown,Unknown,Unknown,Unknown,Unknown,Unknown,Unknown,0,0,false,,,,,,,,Dependent is no longer with the command; keep historical only unless the table says they returned.
departed_dependent,low,low,no warrior-candidate signal in compact summaries,2f54a8d3-2392-4b09-b065-d4898254738f,Heffernan King,Heffernan King,Left,,Dependent,None,Unknown,Unknown,Unknown,Unknown,Unknown,true,false,3034-09-10,Unknown,25 C-Bill,High School,not_applicable,None,Unknown,Unknown,Unknown,Unknown,Unknown,Unknown,Unknown,Unknown,0,0,false,,,,,,,,Dependent is no longer with the command; keep historical only unless the table says they returned.
departed_dependent,low,low,no warrior-candidate signal in compact summaries,568fbf0b-bae7-41e2-8c40-346c88e5a9c5,Susan Compagnoni,Susan Compagnoni,Left,,Dependent,None,Unknown,Unknown,Unknown,Unknown,Unknown,true,false,3034-12-27,Unknown,25 C-Bill,Early Childhood,not_applicable,None,Unknown,Unknown,Unknown,Unknown,Unknown,Unknown,Unknown,Unknown,0,0,false,,,Science/Pharmacology L1/FV8; Streetwise/Any L1/FV7,,Forward Observer (CamOps),,,Dependent is no longer with the command; keep historical only unless the table says they returned.
departed_dependent,low,low,no warrior-candidate signal in compact summaries,1d7e3f87-2ebf-49e3-8841-99f8d470da0d,Suk-Hee bin Fahd,Suk-Hee bin Fahd,Left,,Dependent,None,Unknown,Unknown,Unknown,Unknown,Unknown,true,false,3035-03-01,Unknown,25 C-Bill,Early Childhood,not_applicable,None,Unknown,Unknown,Unknown,Unknown,Unknown,Unknown,Unknown,Unknown,0,0,false,,,Acrobatics L1/FV6,,Engineer (Unofficial),,,Dependent is no longer with the command; keep historical only unless the table says they returned.
departed_dependent,low,low,no warrior-candidate signal in compact summaries,bf3db1fd-67e6-4e0e-9e37-d2e0a4521cf2,Atas Chiba,Atas Chiba,Left,,Dependent,None,Unknown,Unknown,Unknown,Unknown,Unknown,true,false,3035-04-02,Unknown,25 C-Bill,Early Childhood,not_applicable,None,Unknown,Unknown,Unknown,Unknown,Unknown,Unknown,Unknown,Unknown,0,0,false,,,Swimming L1/FV6,,Hypochondriac (Unofficial),,,Dependent is no longer with the command; keep historical only unless the table says they returned.
departed_dependent,low,low,no warrior-candidate signal in compact summaries,bb8b9fd2-1de2-42d8-93f7-d13ba89eec76,Isleen Chiba,Isleen Chiba,Left,,Dependent,None,Unknown,Unknown,Unknown,Unknown,Unknown,true,false,3035-04-02,Unknown,25 C-Bill,Early Childhood,not_applicable,None,Unknown,Unknown,Unknown,Unknown,Unknown,Unknown,Unknown,Unknown,0,0,false,,,Art/Dancing L1/FV8; Cryptography L2/FV7,,"Tech Specialist, Armor (Unofficial)",,,Dependent is no longer with the command; keep historical only unless the table says they returned.
departed_dependent,low,low,no warrior-candidate signal in compact summaries,fa691bda-f78f-41b4-8555-9b099e3b71b5,Jessie Osmundsen,Jessie Osmundsen,Left,,Dependent,None,Unknown,Unknown,Unknown,Unknown,Unknown,true,false,3035-04-08,Unknown,25 C-Bill,Early Childhood,not_applicable,None,Unknown,Unknown,Unknown,Unknown,Unknown,Unknown,Unknown,Unknown,0,0,false,,,Animal Handling L1/FV7; Interest/Fashion L0/FV9; Language/Any L2/FV6,,Sensor Geek (Unofficial),,,Dependent is no longer with the command; keep historical only unless the table says they returned.
departed_dependent,low,low,no warrior-candidate signal in compact summaries,96722c44-5580-47c1-acb1-e2f209072f98,Yekaterina Osmundsen,Yekaterina Osmundsen,Left,,Dependent,None,Unknown,Unknown,Unknown,Unknown,Unknown,true,false,3035-04-08,Unknown,25 C-Bill,Early Childhood,not_applicable,None,Unknown,Unknown,Unknown,Unknown,Unknown,Unknown,Unknown,Unknown,0,0,false,,,Art/Instrument L1/FV8; Computers L1/FV8; Interest/Holo-Games L1/FV8; Language/Any L0/FV8; Security Systems/Electronic L1/FV8,,Significant Compulsion - Hates the Clans/Aliens (ATOW),,,Dependent is no longer with the command; keep historical only unless the table says they returned.
departed_dependent,low,low,no warrior-candidate signal in compact summaries,6cc58175-a46f-4d73-92c8-3acaa8eac9ce,Terza Kanja,Terza Kanja,Left,,Dependent,None,Unknown,Unknown,Unknown,Unknown,Unknown,true,false,3036-10-01,Unknown,25 C-Bill,High School,not_applicable,None,Unknown,Unknown,Unknown,Unknown,Unknown,Unknown,Unknown,Unknown,0,0,false,,,,,,,,Dependent is no longer with the command; keep historical only unless the table says they returned.
departed_dependent,low,low,no warrior-candidate signal in compact summaries,12dc6a0f-b1fb-4be0-b0a7-a4ffd6b917a1,Brad Cantorna,Brad Cantorna,Left,,Dependent,None,Unknown,Unknown,Unknown,Unknown,Unknown,true,false,3037-05-20,Unknown,25 C-Bill,College,not_applicable,None,Unknown,Unknown,Unknown,Unknown,Unknown,Unknown,Unknown,Unknown,0,0,false,,,,,,,,Dependent is no longer with the command; keep historical only unless the table says they returned.
departed_dependent,low,low,no warrior-candidate signal in compact summaries,7d46f93c-74cc-4b37-a910-82019654a111,Kim-Hoa de Weever,Kim-Hoa de Weever,Left,,Dependent,None,Unknown,Unknown,Unknown,Unknown,Unknown,true,false,3037-05-29,Unknown,25 C-Bill,Early Childhood,not_applicable,None,Unknown,Unknown,Unknown,Unknown,Unknown,Unknown,Unknown,Unknown,0,0,false,,,Art/Singing L0/FV9; Security Systems/Mechanical L2/FV7,,Serious Disfigurement (ATOW:Companion),,,Dependent is no longer with the command; keep historical only unless the table says they returned.
departed_dependent,low,low,no warrior-candidate signal in compact summaries,b4650c6b-3523-4508-bc65-509e6327061a,Almundina Herrera,Almundina Herrera,Left,,Dependent,None,Unknown,Unknown,Unknown,Unknown,Unknown,true,false,3038-05-18,Unknown,25 C-Bill,Early Childhood,not_applicable,None,Unknown,Unknown,Unknown,Unknown,Unknown,Unknown,Unknown,Unknown,0,0,false,,,Acrobatics L2/FV5; Art/Singing L1/FV8; Language/Any L1/FV7; Streetwise/Any L1/FV7,,Major Psychosis - Hysteria (ATOW),,,Dependent is no longer with the command; keep historical only unless the table says they returned.
departed_dependent,low,low,no warrior-candidate signal in compact summaries,e281d896-4e57-4b4b-8b3a-d1287b7790f9,Lahela Ferras,Lahela Ferras,Left,,Dependent,None,Unknown,Unknown,Unknown,Unknown,Unknown,true,false,3038-12-01,Unknown,25 C-Bill,Early Childhood,not_applicable,None,Unknown,Unknown,Unknown,Unknown,Unknown,Unknown,Unknown,Unknown,0,0,false,,,Art/Drawing L1/FV8,,Sandblaster (CamOps),,,Dependent is no longer with the command; keep historical only unless the table says they returned.
departed_dependent,low,low,no warrior-candidate signal in compact summaries,8d82f997-890d-4066-a192-398d6366fe09,Inkeri Wolf,Inkeri Wolf,Left,,Dependent,None,Unknown,Unknown,Unknown,Unknown,Unknown,true,false,3039-01-03,Unknown,25 C-Bill,High School,not_applicable,None,Unknown,Unknown,Unknown,Unknown,Unknown,Unknown,Unknown,Unknown,0,0,false,,,,,,,,Dependent is no longer with the command; keep historical only unless the table says they returned.
departed_dependent,low,low,no warrior-candidate signal in compact summaries,4c7fc2b6-7592-40e0-b35d-48c4a61b2321,Laren Truong,Laren Truong,Left,,Dependent,None,Unknown,Unknown,Unknown,Unknown,Unknown,true,false,3040-05-28,Unknown,25 C-Bill,Early Childhood,not_applicable,None,Unknown,Unknown,Unknown,Unknown,Unknown,Unknown,Unknown,Unknown,0,0,false,,,Language/Any L0/FV8; Streetwise/Any L0/FV8; Survival/Any L1/FV8,,Urban Guerrilla (CamOps),,,Dependent is no longer with the command; keep historical only unless the table says they returned.
departed_dependent,low,low,no warrior-candidate signal in compact summaries,9a15df95-8469-45c3-94f7-20a39dbcfda9,Jorge Advani,Jorge Advani,Left,,Dependent,None,Unknown,Unknown,Unknown,Unknown,Unknown,true,false,3040-06-01,Unknown,25 C-Bill,Early Childhood,not_applicable,None,Unknown,Unknown,Unknown,Unknown,Unknown,Unknown,Unknown,Unknown,0,0,false,,,Acrobatics L2/FV5; Investigation L1/FV9,,Oblique Attacker (CamOps),,,Dependent is no longer with the command; keep historical only unless the table says they returned.
departed_dependent,low,low,no warrior-candidate signal in compact summaries,4fa3c759-eb0d-4d27-af99-54a6d99174da,Anne Kibwe,Anne Kibwe,Left,,Dependent,None,Unknown,Unknown,Unknown,Unknown,Unknown,true,false,3040-10-03,Unknown,25 C-Bill,College,not_applicable,None,Unknown,Unknown,Unknown,Unknown,Unknown,Unknown,Unknown,Unknown,0,0,false,,,,,,,,Dependent is no longer with the command; keep historical only unless the table says they returned.
departed_dependent,low,low,no warrior-candidate signal in compact summaries,568cba8b-13aa-454f-9f9e-c1ecf00865b7,Dr Tsubame Mahmud Khel,Dr Tsubame Mahmud Khel,Left,,Dependent,None,Unknown,Unknown,Unknown,Unknown,Unknown,true,false,3041-09-03,Unknown,25 C-Bill,Early Childhood,not_applicable,None,Unknown,Unknown,Unknown,Unknown,Unknown,Unknown,Unknown,Unknown,0,0,false,,,Security Systems/Mechanical L1/FV7; Streetwise/Any L2/FV6,,Heavy Lifter (CamOps),,,Dependent is no longer with the command; keep historical only unless the table says they returned.
departed_dependent,low,low,no warrior-candidate signal in compact summaries,a9a00b2e-6e73-4364-a724-908a64de5645,Adeeba Lamb,Adeeba Lamb,Left,,Dependent,None,Unknown,Unknown,Unknown,Unknown,Unknown,true,false,3042-05-01,Unknown,25 C-Bill,College,not_applicable,None,Unknown,Unknown,Unknown,Unknown,Unknown,Unknown,Unknown,Unknown,0,0,false,,,,,,,,Dependent is no longer with the command; keep historical only unless the table says they returned.
departed_dependent,low,low,no warrior-candidate signal in compact summaries,fd8a1ee4-7926-469b-9fe0-f01e073ee49a,Eric Elliot,Eric Elliot,Left,,Dependent,None,Unknown,Unknown,Unknown,Unknown,Unknown,true,false,3042-05-01,Unknown,25 C-Bill,College,not_applicable,None,Unknown,Unknown,Unknown,Unknown,Unknown,Unknown,Unknown,Unknown,0,0,false,,,,,,,,Dependent is no longer with the command; keep historical only unless the table says they returned.
departed_dependent,low,low,no warrior-candidate signal in compact summaries,50f04583-bc42-4095-a845-9f7f3cb59cdf,Marjorie Palangan,Marjorie Palangan,Left,,Dependent,None,Unknown,Unknown,Unknown,Unknown,Unknown,true,false,3042-08-07,Unknown,25 C-Bill,College,not_applicable,None,Unknown,Unknown,Unknown,Unknown,Unknown,Unknown,Unknown,Unknown,0,0,false,,,,,,,,Dependent is no longer with the command; keep historical only unless the table says they returned.
departed_dependent,low,low,no warrior-candidate signal in compact summaries,5fbe73af-9d79-4f6c-b55a-31b2f79e7176,Caitlin Zhivotenko,Caitlin Zhivotenko,Left,,Dependent,None,Unknown,Unknown,Unknown,Unknown,Unknown,true,false,3042-08-24,Unknown,25 C-Bill,College,not_applicable,None,Unknown,Unknown,Unknown,Unknown,Unknown,Unknown,Unknown,Unknown,0,0,false,,,,,,,,Dependent is no longer with the command; keep historical only unless the table says they returned.
departed_dependent,low,low,no warrior-candidate signal in compact summaries,e82aaec7-b174-4e52-81f5-48c2b7848c44,Margit Frearson,Margit Frearson,Left,,Dependent,None,Unknown,Unknown,Unknown,Unknown,Unknown,true,false,3043-01-16,Unknown,25 C-Bill,Early Childhood,not_applicable,None,Unknown,Unknown,Unknown,Unknown,Unknown,Unknown,Unknown,Unknown,0,0,false,,,,,,,,Dependent is no longer with the command; keep historical only unless the table says they returned.
departed_dependent,low,low,no warrior-candidate signal in compact summaries,11b11b55-5dd3-414e-a3f5-5d2fde821e3c,Jun-Yi Barina,Jun-Yi Barina,Left,,Dependent,None,Unknown,Unknown,Unknown,Unknown,Unknown,true,false,3043-10-11,Unknown,25 C-Bill,College,not_applicable,None,Unknown,Unknown,Unknown,Unknown,Unknown,Unknown,Unknown,Unknown,0,0,false,,,,,,,,Dependent is no longer with the command; keep historical only unless the table says they returned.
